Seattle,47.5669131,-122.4108696
Seattle,47.6626394,-122.4310948
Seattle,47.6698889,-122.2868333
Seattle,47.6981686,-122.2101878
Kirkland,47.6878247,-122.3731899
Seattle,47.658543,-122.1317053
Redmond,47.6142496,-122.217772
Bellevue,47.662576,-122.12052
Redmond,47.65424,-122.29137
Seattle,47.7271643,-122.2192204
Kirkland,47.7255261,-122.3168528
Seattle,47.663868,-122.4215317
Seattle,47.6715467,-122.1952736
Kirkland,47.5833866,-122.3709583
Seattle,47.7688287,-122.3158792
Shoreline,47.7470016,-122.3079987
Seattle,47.6618703,-122.4355298
Seattle,47.4066334,-122.2595633
Kent,47.646592,-122.2909732
Seattle,47.598276,-122.1960917
Bellevue,47.3452571,-122.2574488
Auburn,47.6815336,-122.2505453
Seattle,47.5720381,-122.013216
Issaquah,47.57088,-122.2147572
Mercer Island,47.6327772,-122.3876271
Seattle,47.6843562,-122.2470538
Seattle,47.5007162,-122.2146012
Renton,47.586397,-122.0823526
Sammamish,47.768558,-122.142314
Woodinville,47.7622659,-122.3487639
Shoreline,47.7378349,-122.1936798
Bothell,47.5758309,-122.3921585
Seattle,47.4743343,-122.2036743
Renton,47.757589,-122.2641206
Kenmore,47.4604744,-122.3568901
Burien,47.48292,-122.21723
Renton,47.5892626,-122.3811722
Seattle,47.758249,-122.2232893
Bothell,47.7171256,-122.2851491
Seattle,47.4569163,-122.093178
Renton,47.6137325,-122.1254128
Bellevue,47.6373741,-122.0987463
Redmond,47.671572,-122.1952307
Kirkland,47.7342436,-122.2606659
Kenmore,47.5848557,-122.368366
Seattle,47.5628206,-122.3477372
Seattle,47.7635752,-122.3851633
Shoreline,47.5538089,-122.2501301
Seattle,47.7577333,-122.2068393
Bothell,47.6137017,-122.1255872
Bellevue,47.5400204,-122.3620641
Seattle,47.5833287,-122.0641351
Sammamish,47.7401583,-122.1919917
Bothell,47.7044768,-122.2823703
Seattle,47.6731902,-122.3076153
Seattle,47.7525976,-122.3094177
Shoreline,47.6674755,-122.320396
Seattle,47.7568786,-122.2836632
Lake Forest Park,47.474915,-122.244
Renton,47.680083,-122.299807
Seattle,47.6948477,-122.2721714
Seattle,47.681797,-122.33953
Seattle,47.3741747,-122.4536133
Vashon,47.619728,-122.1822166
Bellevue,47.7566225,-122.2825956
Lake Forest Park,47.68512,-122.29239
Seattle,47.6089407,-122.3052979
Seattle,47.7120717,-122.3761511
Seattle,47.7250786,-122.3517537
Seattle,47.7698203,-122.2457314
Kenmore,47.7480873,-122.2991771
Shoreline,47.6562355,-122.3066336
Seattle,47.5379827,-122.0548857
Issaquah,47.7126411,-122.377647
Seattle,47.6547504,-122.2913933
Seattle,47.6211011,-122.3445775
Seattle,47.7719583,-122.3319483
Seattle,47.5280793,-122.3815477
Seattle,47.5677529,-122.3503804
Seattle,47.5612229,-122.3501873
Seattle,47.6933206,-122.2849935
Seattle,47.6404972,-121.9264226
Carnation,47.59187,-122.22746
Mercer Island,47.3452785,-122.4576473
Vashon,47.361553,-122.047613
Maple Valley,47.528677,-122.0047188
Issaquah,47.5891498,-122.1867639
Bellevue,47.7420957,-122.2901273
Lake Forest Park,47.5092,-122.1817
Renton,47.6370819,-122.29574
Seattle,47.6928546,-122.4054806
Seattle,47.7740331,-122.3849192
Shoreline,47.5597558,-122.0549817
Issaquah,47.6640434,-122.3062634
Seattle,47.7496545,-122.3666668
Seattle,47.5302762,-122.3955921
Seattle,47.61913,-122.341057
Seattle,47.6701559,-122.1102905
Redmond,47.3202069,-122.3327637
Federal Way,47.3064153,-122.3200607
Federal Way,47.7058052,-122.2889256
Seattle,47.4190282,-122.2763085
Kent,47.7143239,-122.3440719
Seattle,47.545626,-122.2684765
Seattle,47.6577567,-122.4069214
Seattle,47.5228377,-122.3771811
Seattle,47.4984126,-122.4750894
Vashon,47.6402079,-122.2958994
Seattle,47.462944,-121.9968157
Issaquah,47.5089687,-121.8415546
North Bend,47.5711695,-122.277317
Seattle,47.4225127,-122.4563599
Vashon,47.65767,-122.2879601
Seattle,47.523852,-121.7963326
Snoqualmie,47.6721788,-122.3064566
Seattle,47.42175,-122.25821
Kent,47.646887,-122.4206543
Seattle,47.4545187,-122.2274709
Renton,47.563612,-122.3116493
Seattle,47.6121811,-121.986866
Sammamish,47.4915584,-122.0710659
Issaquah,47.599951,-122.134904
Bellevue,47.58632,-122.288135
Seattle,47.6653579,-122.3974647
Seattle,47.3142829,-122.1746412
Auburn,47.6396079,-122.1568201
Bellevue,47.4034253,-122.512815
Vashon,47.7319345,-121.1297607
Leavenworth,47.557878,-122.3737478
Seattle,47.5731383,-122.409389
Seattle,47.75672,-122.28124
Lake Forest Park,47.5723566,-122.106514
Bellevue,47.7692001,-122.235944
Kenmore,47.6772249,-122.2559077
Seattle,47.7716085,-122.2434354
Kenmore,47.5468716,-122.0608521
Issaquah,47.764592,-122.3708618
Shoreline,47.6756754,-122.3070145
Seattle,47.777653,-122.3932448
Shoreline,47.3205616,-122.1906857
Auburn,47.6428319,-122.4133936
Seattle,47.3284365,-122.2431564
Auburn,47.6576917,-122.4094856
Seattle,47.748962,-122.3636627
Shoreline,47.4114343,-122.2742271
Kent,47.57092,-122.38624
Seattle,47.6571053,-122.4213517
Seattle,47.3733968,-122.3236098
Des Moines,47.651685,-122.3151811
Seattle,47.7661618,-122.2445069
Bothell,47.7110899,-122.175951
Kirkland,47.3897935,-122.4524331
Vashon,47.6522065,-122.3578611
Seattle,47.7750407,-122.3849487
Shoreline,47.6727857,-122.4041748
Seattle,47.7542191,-122.1632385
Woodinville,47.2872283,-122.2908139
Auburn,47.5841938,-122.4005256
Seattle,47.661963,-122.435841
Seattle,47.6874564,-122.2950947
Seattle,47.5927936,-122.1872807
Bellevue,47.450728,-122.3791122
Burien,47.6361306,-122.1093464
Redmond,47.5933145,-122.1142387
Bellevue,47.6385018,-121.8928814
Carnation,47.653119,-122.36032
Seattle,47.5612896,-122.3034015
Seattle,47.40234,-122.33128
Des Moines,47.5260834,-122.0377636
Issaquah,47.7231408,-122.2493228
Kirkland,47.7612529,-122.2796774
Lake Forest Park,47.7630992,-122.3717737
Shoreline,47.6545148,-122.1077304
Redmond,47.5293308,-122.3826635
Seattle,47.5790733,-122.4120712
Seattle,47.300706,-122.3361191
Federal Way,47.6756194,-122.1971592
Kirkland,47.647617,-122.3062849
Seattle,47.4488707,-122.1750069
Renton,47.5199251,-122.3683405
Seattle,47.5436706,-122.381494
Seattle,47.7152768,-122.1996403
Kirkland,47.5633948,-122.4039924
Seattle,47.3043783,-122.3310471
Federal Way,47.5077222,-122.2022152
Renton,47.3019337,-122.2995472
Federal Way,47.7566135,-122.3144442
Shoreline,47.393062,-122.2627258
Kent,47.3809204,-122.2352295
Kent,47.7739592,-122.3925439
Shoreline,47.6396729,-122.3294699
Seattle,47.627563,-122.3674285
Seattle,47.566334,-122.4057198
Seattle,47.6801829,-122.3986816
Seattle,47.5931988,-122.3272705
Seattle,47.5026851,-122.3624933
Seattle,47.6813098,-122.3032916
Seattle,47.678108,-122.3092099
Seattle,47.6600475,-122.137177
Redmond,47.7351672,-122.2977448
Shoreline,47.5599632,-122.0569038
Issaquah,47.4629587,-122.1781719
Renton,47.651397,-122.3217773
Seattle,47.6600127,-122.4304269
Seattle,47.7644658,-122.371012
Shoreline,47.5498841,-122.2563744
Seattle,47.7626376,-122.2759438
Lake Forest Park,47.6138649,-122.1254883
Bellevue,47.3955413,-122.1136594
Kent,47.4706032,-122.1893406
Renton,47.6204547,-122.3629761
Seattle,47.468056,-122.179167
Renton,47.67241,-122.2704291
Seattle,47.68412,-122.263344
Seattle,47.6110889,-122.3306608
Seattle,47.6912769,-122.225647
Kirkland,47.6423765,-122.310791
Seattle,47.657381,-122.3070145
Seattle,47.6461642,-122.296586
Seattle,47.3199741,-122.4058914
Federal Way,47.7531639,-122.2748387
Lake Forest Park,47.5541057,-122.1663702
Bellevue,47.3686059,-122.2728258
Kent,47.3833333,-122.4666667
Vashon,47.4490738,-122.1644497
Renton,47.5471033,-122.1609306
Bellevue,47.5371377,-122.1454811
Newcastle,47.5355442,-122.1444511
Newcastle,47.757034,-122.2841908
Lake Forest Park,47.4556032,-122.3622894
Burien,47.6625148,-122.4320416
Seattle,47.6640001,-121.9228363
Carnation,47.6104202,-122.2002335
Bellevue,47.656138,-122.2926807
Seattle,47.6450799,-122.3182583
Seattle,47.6595489,-122.417264
Seattle,47.3664551,-122.2591209
Kent,47.2951524,-122.3416471
Federal Way,47.4970242,-121.9578552
Issaquah,47.53902,-122.15523
Newcastle,47.5316905,-122.1671104
Newcastle,47.3956351,-122.1454895
Kent,47.7573005,-122.2639918
Kenmore,47.6846613,-122.2684765
Seattle,47.2875698,-122.2700751
Auburn,47.6550377,-122.3561619
Seattle,47.5605134,-122.3507452
Seattle,47.3465289,-122.2873807
Auburn,47.3618652,-122.1505022
Kent,47.6713697,-122.1259546
Redmond,47.5843708,-122.1674967
Bellevue,47.3236978,-122.3185158
Federal Way,47.6540566,-122.2929382
Seattle,47.6872889,-122.1754608
Kirkland,47.325779,-122.38838
Federal Way,47.727953,-122.306194
Seattle,47.328746,-121.9984424
Black Diamond,47.6162602,-122.3550367
Seattle,47.701928,-122.3242986
Seattle,47.5603976,-122.1159768
Bellevue,47.6411982,-122.2947353
Seattle,47.410897,-122.2777033
Kent,47.6635376,-122.2805786
Seattle,47.66258,-122.12052
Redmond,47.6829127,-121.9239418
Carnation,47.6288428,-122.2998047
Seattle,47.43622,-122.34024
Normandy Park,47.6641983,-122.4275543
Seattle,47.6382705,-121.9106483
Carnation,47.3214481,-122.3721199
Federal Way,47.3284685,-122.2728109
Auburn,47.6616878,-122.1899414
Kirkland,47.7237906,-122.2136146
Kirkland,47.6476965,-122.2863293
Seattle,47.6802913,-122.3052549
Seattle,47.7511117,-122.3198569
Shoreline,47.44732,-122.46024
Vashon,47.6959239,-122.3637754
Seattle,47.738977,-122.3309934
Shoreline,47.7395542,-122.3308539
Shoreline,47.7386307,-122.3313046
Shoreline,47.738775,-122.3308754
Shoreline,47.7595364,-122.3357463
Shoreline,47.6806236,-122.3293197
Seattle,47.697805,-122.3196316
Seattle,47.5836182,-122.1725607
Bellevue,47.308365,-122.2943544
Auburn,47.4759117,-122.1672821
Renton,47.6813387,-122.3413467
Seattle,47.7302242,-122.3310471
Seattle,47.6548082,-122.3095894
Seattle,47.6423765,-121.9205189
Carnation,47.7496256,-122.3593926
Shoreline,47.6796051,-121.9601727
Carnation,47.6423187,-121.9028378
Carnation,47.7240786,-122.296174
Seattle,47.4229772,-122.4326706
Vashon,47.7040147,-122.2153902
Kirkland,47.6133944,-122.3259589
Seattle,47.5232362,-122.3943123
Seattle,47.666095,-122.4239548
Seattle,47.6342726,-122.3602027
Seattle,47.6728146,-122.2899771
Seattle,47.327654,-122.376709
Federal Way,47.3877161,-122.3040962
Des Moines,47.6542879,-122.2198105
Yarrow Point,47.3728741,-122.4643958
Vashon,47.6572653,-122.3072076
Seattle,47.3484625,-122.3254466
Des Moines,47.7709163,-122.1923018
Bothell,47.366909,-122.1097565
Covington,47.2978592,-122.3547363
Federal Way,47.7536363,-122.2689056
Lake Forest Park,47.6738251,-122.3324458
Seattle,47.7666401,-122.3735064
Shoreline,47.45544,-122.26027
Tukwila,47.4302937,-122.2089958
Renton,47.3644451,-122.1174949
Covington,47.6897458,-122.2901058
Seattle,47.4001826,-122.2784701
Kent,47.5544894,-122.1903276
Bellevue,47.47042,-122.34724
Burien,47.6146149,-122.3220456
Seattle,47.6594983,-122.2855729
Seattle,47.6358993,-122.3104477
Seattle,47.6653874,-122.3382568
Seattle,47.6723811,-122.28977
Seattle,47.57062,-122.22223
Mercer Island,47.630607,-122.3136663
Seattle,47.6475097,-122.3182453
Seattle,47.6089985,-122.2882175
Seattle,47.6198183,-122.349844
Seattle,47.5297781,-121.8650723
Snoqualmie,47.6427813,-122.284956
Seattle,47.3879267,-122.3268467
Des Moines,47.7264535,-122.1019167
Redmond,47.5615704,-122.3749173
Seattle,47.6313625,-122.3928317
Seattle,47.4726266,-122.2472763
Renton,47.37789,-122.038
Maple Valley,47.6308094,-122.3906136
Seattle,47.7755889,-122.1872095
Bothell,47.5428772,-122.0505738
Issaquah,47.6092011,-122.178762
Bellevue,47.6616372,-122.3475004
Seattle,47.666081,-122.2835827
Seattle,47.542376,-121.871602
Snoqualmie,47.6567522,-122.3053944
Seattle,47.6684798,-122.3506165
Seattle,47.688286,-122.38154
Seattle,47.6959853,-122.3122072
Seattle,47.757169,-122.241697
Kenmore,47.6935878,-122.4030161
Seattle,47.4349154,-122.3393097
Normandy Park,47.6384178,-122.3274113
Seattle,47.6967291,-122.1419084
Redmond,47.4574313,-122.2471046
Tukwila,47.7606543,-122.190789
Bothell,47.5348198,-122.0804214
Renton,47.4493931,-122.4919796
Vashon,47.5605569,-122.3441148
Seattle,47.4839314,-122.4612308
Vashon,47.6973429,-122.1423054
Redmond,47.606626,-122.3416042
Seattle,47.660239,-122.328279
Seattle,47.4474559,-122.4874842
Vashon,47.7139531,-122.2917822
Seattle,47.6084199,-122.2047901
Bellevue,47.6743064,-122.2704184
Seattle,47.7397176,-121.9910013
Duvall,47.6607629,-122.4343872
Seattle,47.7141362,-122.2908354
Seattle,47.5622013,-122.3016608
Seattle,47.6767806,-122.2503233
Seattle,47.727283,-122.119563
Woodinville,47.6541434,-122.3501444
Seattle,47.6218432,-122.3521185
Seattle,47.4575764,-122.0926952
Renton,47.5876417,-121.999054
Issaquah,47.37562,-121.86822
Ravensdale,47.5635903,-122.4062884
Seattle,47.7017213,-122.3312035
Seattle,47.7110105,-122.3054695
Seattle,47.185046,-121.9770813
Enumclaw,47.7054478,-122.3199749
Seattle,47.405215,-122.2889042
SeaTac,47.6198328,-122.3621821
Seattle,47.5294956,-121.9962054
Issaquah,47.6954365,-122.2085667
Kirkland,47.670206,-122.3437071
Seattle,47.3205851,-122.4122429
Federal Way,47.6673153,-122.3030328
Seattle,47.3553232,-121.9976807
Maple Valley,47.7456515,-122.3092428
Shoreline,47.7253384,-122.3187733
Seattle,47.2851099,-122.2909212
Auburn,47.7049373,-122.3307916
Seattle,47.3154501,-122.2632837
Auburn,47.6404247,-122.2885314
Seattle,47.4157541,-122.2938287
SeaTac,47.2896511,-122.329073
Federal Way,47.5952692,-122.3865366
Seattle,47.6633064,-122.1456528
Redmond,47.65441,-122.29997
Seattle,47.5657198,-122.2784833
Seattle,47.6055766,-122.2976761
Seattle,47.6822632,-122.3166919
Seattle,47.4645979,-122.1157086
Renton,47.6556283,-122.3360038
Seattle,47.5592102,-122.3513514
Seattle,47.4691249,-122.19461
Renton,47.772968,-122.3413914
Shoreline,47.6124704,-122.2277927
Medina,47.6314958,-122.388339
Seattle,47.6734792,-122.3744774
Seattle,47.7623833,-122.2538333
Kenmore,47.6723811,-122.1669817
Kirkland,47.322319,-122.312233
Federal Way,47.6566294,-122.1994042
Kirkland,47.3113621,-122.3801422
Federal Way,47.6182563,-122.1064711
Bellevue,47.6064524,-122.0043969
Sammamish,47.6439103,-122.0144659
Redmond,47.6069103,-122.3208759
Seattle,47.3904774,-122.1645108
Kent,47.511737,-122.2659445
Seattle,47.6683497,-122.3267823
Seattle,47.5905661,-122.2264542
Mercer Island,47.5496524,-122.3706633
Seattle,47.6349158,-122.3637941
Seattle,47.5177731,-122.0384181
Issaquah,47.5659485,-122.1903749
Bellevue,47.5713957,-122.1921182
Bellevue,47.6276935,-122.3370329
Seattle,47.662736,-122.2984949
Seattle,47.6302965,-122.3490492
Seattle,47.6263138,-122.3110342
Seattle,47.610366,-122.3181072
Seattle,47.4019298,-122.2080293
Kent,47.6301994,-122.3135986
Seattle,47.3055155,-122.2686875
Auburn,47.5511662,-122.1535269
Bellevue,47.5955166,-122.2935543
Seattle,47.643678,-122.291915
Seattle,47.641914,-122.310205
Seattle,47.6529003,-122.3061562
Seattle,47.6675337,-122.3351017
Seattle,47.6757986,-122.1325413
Redmond,47.3913728,-122.3219843
Des Moines,47.6863886,-122.0750645
Redmond,47.5369136,-122.2532621
Seattle,47.6671291,-122.3109403
Seattle,47.76952,-122.39024
Shoreline,47.5293164,-122.2623484
Seattle,47.4887967,-122.2740331
Tukwila,47.6636616,-122.339981
Seattle,47.6557519,-122.4195427
Seattle,47.3741165,-122.1432066
Covington,47.6303544,-122.3904196
Seattle,47.5656962,-122.209815
Mercer Island,47.3664947,-122.2671023
Kent,47.3073196,-122.2282333
Auburn,47.4335743,-122.1740774
Renton,47.4413296,-122.1565242
Renton,47.6736652,-122.2646292
Seattle,47.6459116,-122.2939459
Seattle,47.654259,-122.2920799
Seattle,47.6467207,-122.3341799
Seattle,47.6454147,-122.3182153
Seattle,47.6935972,-122.2754472
Seattle,47.3099367,-122.3645845
Federal Way,47.5500527,-122.3241279
Seattle,47.6585713,-122.2875095
Seattle,47.4636463,-122.1978928
Renton,47.3330532,-121.9266659
Ravensdale,47.6492805,-122.1065
Redmond,47.7604762,-122.2898367
Lake Forest Park,47.6825517,-122.276387
Seattle,47.65689,-122.30663
Seattle,47.6859207,-122.3829498
Seattle,47.7209206,-122.3658218
Seattle,47.2858163,-122.3517099
Federal Way,47.6966067,-122.1711727
Kirkland,47.6462875,-122.3005548
Seattle,47.7720526,-122.3853746
Shoreline,47.3939629,-122.1534928
Kent,47.4113617,-122.4783325
Vashon,47.593112,-122.1733117
Bellevue,47.7294597,-122.3527399
Seattle,47.658682,-122.113581
Redmond,47.6555945,-122.2926988
Seattle,47.6205833,-122.0564307
Sammamish,47.760461,-122.28982
Lake Forest Park,47.6784833,-122.2509
Seattle,47.6195785,-122.3622463
Seattle,47.66187,-122.43553
Seattle,47.3432284,-122.3334932
Des Moines,47.6144,-122.29388
Seattle,47.563362,-122.4064708
Seattle,47.7544401,-122.3031472
Shoreline,47.7421521,-122.3644826
Shoreline,47.4795276,-122.4631882
Vashon,47.6879913,-122.1040455
Redmond,47.516737,-122.3804855
Seattle,47.6863157,-122.3393074
Seattle,47.6716374,-122.3424402
Seattle,47.6463026,-122.2955636
Seattle,47.6300651,-122.2946325
Seattle,47.739715,-122.331123
Shoreline,47.4117102,-122.2726822
Kent,47.5602886,-122.3507962
Seattle,47.5938934,-122.1241093
Bellevue,47.6596013,-122.1100119
Redmond,47.7440222,-122.3761319
Shoreline,47.41903,-122.27631
Kent,47.674451,-122.1887845
Kirkland,47.5743833,-122.4006128
Seattle,47.6234308,-122.3464408
Seattle,47.3971669,-122.5264609
Vashon,47.4045944,-122.5215912
Vashon,47.6987389,-121.8723424
Carnation,47.3135007,-122.2429204
Auburn,47.7565344,-122.2212031
Bothell,47.541537,-122.393994
Seattle,47.6299827,-122.3605267
Seattle,47.6392107,-122.3483746
Seattle,47.392102,-122.151553
Kent,47.6977551,-122.3683745
Seattle,47.3253993,-122.3297681
Federal Way,47.6637996,-122.4148674
Seattle,47.68409,-122.25277
Seattle,47.6361445,-122.3081927
Seattle,47.3485562,-122.2960356
Federal Way,47.3329894,-122.2787026
Auburn,47.5972505,-122.2083521
Bellevue,47.4204511,-122.2744417
Kent,47.3293193,-122.2429959
Auburn,47.4400474,-121.6389084
North Bend,47.7574375,-122.2069479
Bothell,47.4316822,-121.7547351
North Bend,47.7504191,-122.2082877
Bothell,47.6461497,-122.2956634
Seattle,47.3169335,-122.1967679
Auburn,47.6400169,-122.2242703
Hunts Point,47.682675,-122.3096323
Seattle,47.6878331,-122.2136811
Kirkland,47.7393688,-122.1783003
Bothell,47.629884,-122.3902702
Seattle,47.752818,-122.274328
Lake Forest Park,47.6086938,-122.3258972
Seattle,47.589205,-122.187123
Bellevue,47.2652465,-122.2597647
Pacific,47.7045634,-122.3636273
Seattle,47.45372,-122.32224
SeaTac,47.6103686,-122.3167608
Seattle,47.731754,-122.3460707
Seattle,47.751523,-122.3370395
Shoreline,47.6924923,-122.1906498
Kirkland,47.6780322,-122.2522355
Seattle,47.5600288,-122.0934883
Issaquah,47.3241745,-122.0366255
Black Diamond,47.6274933,-122.2933674
Seattle,47.3685927,-122.2428125
Kent,47.6350636,-122.3399615
Seattle,47.6985972,-122.2093615
Kirkland,47.6142487,-122.3313904
Seattle,47.7179375,-122.1653479
Kirkland,47.633771,-122.358238
Seattle,47.6551663,-122.2954908
Seattle,47.6959962,-122.1948414
Kirkland,47.6282827,-122.2933075
Seattle,47.730967,-122.243212
Kirkland,47.4254564,-121.4162412
North Bend,47.651744,-122.1326065
Redmond,47.7750649,-122.2918603
Lake Forest Park,47.5690651,-122.1408463
Bellevue,47.6808114,-122.2510523
Seattle,47.7566986,-122.2132704
Bothell,47.539697,-122.231731
Mercer Island,47.7352999,-122.3141384
Shoreline,47.67402,-122.12123
Redmond,47.6405,-121.92642
Carnation,47.3325406,-122.5071716
Vashon,47.6706721,-122.3065691
Seattle,47.4908965,-122.3644832
Burien,47.4904911,-122.3655956
Burien,47.655155,-122.294154
Seattle,47.5094716,-122.2679958
Seattle,47.6578434,-122.4088601
Seattle,47.51282,-122.26593
Seattle,47.5404661,-122.3528901
Seattle,47.7566409,-122.2222129
Bothell,47.697093,-122.188868
Kirkland,47.6427075,-122.2851502
Seattle,47.6955349,-122.1708286
Kirkland,47.5213742,-122.0832539
Issaquah,47.3798202,-122.039415
Maple Valley,47.6691838,-122.2903421
Seattle,47.727243,-122.363662
Seattle,47.348753,-122.2438527
Auburn,47.5440907,-122.3973083
Seattle,47.5571362,-122.1124569
Bellevue,47.416306,-122.4415589
Vashon,47.6516106,-122.3995176
Seattle,47.5136026,-122.1550808
Renton,47.6347357,-122.1845761
Bellevue,47.6730032,-122.3803934
Seattle,47.6791539,-122.3279348
Seattle,47.53761,-122.06917
Issaquah,47.5032399,-122.2979584
Tukwila,47.6052257,-122.3237023
Seattle,47.6673927,-122.1342901
Redmond,47.62067,-122.3488
Seattle,47.7737875,-122.2974819
Lake Forest Park,47.61109,-122.33066
Seattle,47.5686505,-122.2780037
Seattle,47.5579938,-122.0621041
Issaquah,47.6278127,-122.1296659
Bellevue,47.7480386,-122.2991824
Shoreline,47.6653732,-122.3098192
Seattle,47.564104,-122.3524282
Seattle,47.6537137,-122.3520962
Seattle,47.497631,-122.261385
Seattle,47.428091,-122.2927175
SeaTac,47.4612033,-122.1822596
Renton,47.60963,-122.3148
Seattle,47.6859316,-122.1578541
Redmond,47.6096647,-122.1126549
Bellevue,47.3283642,-122.2194046
Auburn,47.286826,-122.162165
Auburn,47.6656763,-122.299898
Seattle,47.6593005,-122.3304861
Seattle,47.6549897,-122.3404154
Seattle,47.6327366,-122.32492
Seattle,47.68255,-122.098
Redmond,47.696615,-122.399286
Seattle,47.6015447,-122.1157407
Bellevue,47.6892347,-122.3033188
Seattle,47.6228521,-122.3106145
Seattle,47.6809309,-122.4010626
Seattle,47.332312,-122.507595
Vashon,47.5918623,-122.3823309
Seattle,47.6816761,-122.4001782
Seattle,47.5822079,-122.2436162
Mercer Island,47.6588519,-122.326819
Seattle,47.7608731,-122.1920764
Bothell,47.6765133,-122.3602295
Seattle,47.742083,-122.290134
Lake Forest Park,47.6849021,-122.3925358
Seattle,47.6882434,-122.2905247
Seattle,47.6462974,-122.2963706
Seattle,47.5943058,-122.1715683
Bellevue,47.4485259,-122.1750073
Renton,47.4486977,-122.1751725
Renton,47.47899,-122.25898
Tukwila,47.6825218,-122.4005431
Seattle,47.6715253,-122.2738615
Seattle,47.6792695,-122.2687116
Seattle,47.5363427,-122.2761154
Seattle,47.702923,-122.308766
Seattle,47.492775,-122.33007
Seattle,47.6882003,-122.2904706
Seattle,47.5402193,-122.3970294
Seattle,47.7307549,-122.3061499
Seattle,47.3282271,-122.2189686
Auburn,47.7523459,-122.0774126
Woodinville,47.6833073,-122.40051
Seattle,47.6598,-122.315523
Seattle,47.6611628,-122.3159062
Seattle,47.6548989,-122.306681
Seattle,47.6611209,-122.3131076
Seattle,47.6613232,-122.3131719
Seattle,47.6831858,-122.4006202
Seattle,47.683891,-122.4005622
Seattle,47.51055,-122.391894
Seattle,47.6322749,-122.3685853
Seattle,47.5369823,-122.0713091
Issaquah,47.7519451,-122.2570172
Kenmore,47.688304,-122.290356
Seattle,47.6612045,-122.3153443
Seattle,47.6612654,-122.3140946
Seattle,47.6304393,-122.1394665
Redmond,47.6336725,-121.9360401
Carnation,47.507048,-122.467975
Vashon,47.6593722,-122.3157469
Seattle,47.681841,-122.4002472
Seattle,47.6611536,-122.3143175
Seattle,47.659703,-122.3131612
Seattle,47.5800615,-122.3928657
Seattle,47.622747,-122.323329
Seattle,47.6832032,-122.400632
Seattle,47.6852826,-122.2893894
Seattle,47.647513,-122.327793
Seattle,47.6830771,-122.4002051
Seattle,47.6251229,-122.3111978
Seattle,47.5918096,-122.382288
Seattle,47.6335752,-122.3120722
Seattle,47.6820038,-122.2686468
Seattle,47.5137337,-122.1588484
Renton,47.617149,-122.3481068
Seattle,47.6522818,-122.1262714
Redmond,47.68153,-122.25054
Seattle,47.6197138,-122.3109457
Seattle,47.6487481,-122.3109117
Seattle,47.7480873,-122.2992664
Shoreline,47.6082395,-122.3321445
Seattle,47.6623926,-122.1352878
Redmond,47.6736702,-122.2890656
Seattle,47.3530205,-121.9813505
Ravensdale,47.4356353,-122.0969009
Renton,47.4629706,-122.1724012
Renton,47.6802118,-121.960001
Carnation,47.7283807,-122.3046318
Seattle,47.6460155,-122.2971431
Seattle,47.6222853,-122.3511111
Seattle,47.6582951,-122.4045235
Seattle,47.73738,-122.29931
Shoreline,47.6361793,-122.3566821
Seattle,47.53764,-122.06923
Issaquah,47.50295,-122.2975078
Tukwila,47.277792,-122.214046
Auburn,47.3699565,-122.2186148
Kent,47.7533464,-122.1569395
Woodinville,47.68389,-122.40056
Seattle,47.6332499,-122.3151031
Seattle,47.652716,-122.3146373
Seattle,47.6340045,-122.3174694
Seattle,47.7615986,-122.1799079
Bothell,47.553142,-122.229737
Mercer Island,47.5291907,-122.3236742
Seattle,47.6558817,-122.1214598
Redmond,47.5463034,-122.2230497
Mercer Island,47.50081,-122.28542
Tukwila,47.604832,-122.1401596
Bellevue,47.4905371,-122.1548656
Renton,47.4796721,-121.7743741
North Bend,47.694763,-122.139968
Redmond,47.2659509,-122.0919013
Auburn,47.655213,-122.4141312
Seattle,47.64659,-122.29097
Seattle,47.627859,-122.299857
Seattle,47.655942,-122.295933
Seattle,47.4324112,-122.3418751
Normandy Park,47.595051,-122.1212769
Bellevue,47.539574,-122.231742
Mercer Island,47.4860666,-122.3051262
SeaTac,47.5654074,-122.409668
Seattle,47.6549456,-122.3045039
Seattle,47.6262976,-122.3746061
Seattle,47.4157759,-122.4744701
Vashon,47.7642255,-122.3398745
Shoreline,47.66973,-122.29089
Seattle,47.603121,-122.137541
Bellevue,47.65633,-122.35508
Seattle,47.640522,-122.416162
Seattle,47.7279685,-122.2197405
Kirkland,47.5187875,-122.1556735
Newcastle,47.73279,-122.25607
Kenmore,47.5005614,-122.2355175
Seattle,47.605128,-122.139988
Bellevue,47.623122,-121.958412
Carnation,47.436582,-122.203789
Renton,47.5190556,-122.3602295
Seattle,47.5994,-122.12168
Bellevue,47.6875178,-122.3314655
Seattle,47.624573,-122.057371
Sammamish,47.6329712,-122.3645908
Seattle,47.703697,-122.0217723
Redmond,47.4954897,-122.3393726
Seattle,47.679863,-122.264422
Seattle,47.641426,-122.293818
Seattle,47.7557888,-122.0873182
Woodinville,47.5636156,-122.3916569
Seattle,47.7311659,-122.1851617
Kirkland,47.6613,-122.4178
Seattle,47.6250137,-122.2882978
Seattle,47.7185683,-122.1929455
Kirkland,47.4942969,-122.3395818
Seattle,47.69302,-122.40357
Seattle,47.5271,-122.39618
Seattle,47.59995,-122.1349
Bellevue,47.6570421,-122.4181854
Seattle,47.2576286,-122.2022152
Auburn,47.60539,-122.14231
Bellevue,47.3135,-122.24292
Auburn,47.51071,-122.17447
Renton,47.673342,-122.2578388
Seattle,47.7764778,-122.3771435
Shoreline,47.6570052,-121.9948053
Redmond,47.40018,-122.27847
Kent,47.40663,-122.25956
Kent,47.467122,-122.4653935
Vashon,47.4282977,-122.5020003
Vashon,47.6244609,-122.0574188
Sammamish,47.7351961,-122.0310903
Woodinville,47.6538543,-121.9973373
Redmond,47.7071048,-122.0272493
Redmond,47.669058,-122.273333
Seattle,47.406308,-122.266424
Kent,47.2894037,-122.3276782
Federal Way,47.7575233,-122.1994319
Bothell,47.5773653,-122.4078655
Seattle,47.6815186,-122.2092438
Kirkland,47.6754824,-122.2084222
Kirkland,47.5988891,-122.1336365
Bellevue,47.69817,-122.21019
Kirkland,47.621277,-122.347297
Seattle,47.529822,-121.846276
Snoqualmie,47.7402397,-121.9886577
Duvall,47.6975812,-122.3015642
Seattle,47.4059238,-122.2700858
Kent,47.6049008,-122.1402186
Bellevue,47.65787,-122.298608
Seattle,47.648689,-122.309601
Seattle,47.47622,-122.49024
Vashon,47.4019205,-122.2633213
Kent,47.2448623,-122.0827389
Enumclaw,47.6208339,-122.2134255
Bellevue,47.5688459,-122.0623004
Sammamish,47.4544613,-122.5026256
Vashon,47.671133,-122.289641
Seattle,47.768094,-122.1868697
Bothell,47.3648938,-122.0319727
Maple Valley,47.66072,-122.00554
Redmond,47.596028,-122.291675
Seattle,47.6767399,-122.2553229
Seattle,47.45452,-122.22747
Renton,47.6668,-122.370928
Seattle,47.7685596,-122.3877141
Shoreline,47.6058014,-122.1383464
Bellevue,47.3795219,-122.0074654
Ravensdale,47.7141396,-122.2915395
Seattle,47.4856543,-122.3049204
SeaTac,47.5033861,-122.3452512
Seattle,47.6972851,-122.343235
Seattle,47.456273,-122.166853
Renton,47.6379235,-122.2085667
Bellevue,47.5372904,-122.2188507
Mercer Island,47.4861792,-122.3048848
SeaTac,47.3276285,-122.2420835
Auburn,47.3774877,-122.2694421
Kent,47.5860931,-122.1113205
Bellevue,47.4200518,-122.3067892
SeaTac,47.6034721,-122.1393871
Bellevue,47.6946791,-122.2942665
Seattle,47.6481428,-122.3100668
Seattle,47.668841,-122.3543501
Seattle,47.686547,-122.327304
Seattle,47.6557228,-122.4126642
Seattle,47.6684745,-122.4182149
Seattle,47.6587415,-122.1285181
Redmond,47.733826,-122.362641
Seattle,47.6120692,-122.2039089
Bellevue,47.5833541,-122.3709744
Seattle,47.6634978,-122.4208697
Seattle,47.657957,-122.406341
Seattle,47.6643075,-122.4195092
Seattle,47.6767734,-122.3076153
Seattle,47.6515,-122.30665
Seattle,47.7504492,-122.2581339
Kenmore,47.6975247,-122.2994238
Seattle,47.5954984,-122.1102181
Bellevue,47.6773966,-122.2564134
Seattle,47.677547,-122.2509807
Seattle,47.6821661,-122.2483414
Seattle,47.63708,-122.29574
Seattle,47.43701,-122.094184
Renton,47.5349067,-122.3824382
Seattle,47.645004,-121.9169784
Carnation,47.5308058,-122.3931026
Seattle,47.51506,-122.30927
Seattle,47.6423765,-122.2912645
Seattle,47.658394,-122.291056
Seattle,47.7386776,-122.3348504
Shoreline,47.5877,-122.39211
Seattle,47.5274812,-121.5946627
North Bend,47.6413211,-122.2909212
Seattle,47.5874663,-122.1618801
Bellevue,47.27657,-122.08968
Auburn,47.6572152,-122.2875363
Seattle,47.3483898,-122.2167635
Auburn,47.64017,-122.27961
Seattle,47.6392247,-122.0651436
Sammamish,47.4253436,-121.4216495
North Bend,47.6801829,-122.3492432
Seattle,47.4352869,-121.7690277
North Bend,47.6643686,-122.1130666
Redmond,47.590065,-122.391131
Seattle,47.722361,-122.1566793
Kirkland,47.6574874,-122.1920013
Kirkland,47.739699,-121.989963
Duvall,47.5302951,-122.1513498
Newcastle,47.513038,-122.267315
Seattle,47.6747432,-122.4093649
Seattle,47.4111293,-122.4361038
Vashon,47.1520738,-121.6885346
Enumclaw,47.50094,-122.28527
Tukwila,47.4139518,-122.2653213
Kent,47.6811581,-122.3849058
Seattle,47.620245,-122.3574078
Seattle,47.605739,-122.165732
Bellevue,47.774433,-122.384423
Seattle,47.6127992,-122.2892475
Seattle,47.4183749,-122.2667813
Kent,47.6594654,-122.4289007
Seattle,47.4451903,-121.697453
North Bend,47.4876803,-122.3316693
Burien,47.4534849,-122.2454202
Tukwila,47.6676994,-122.343235
Seattle,47.5950076,-122.2923052
Seattle,47.3484771,-121.869278
Ravensdale,47.7329014,-122.2558057
Kenmore,47.5424769,-122.1533161
Bellevue,47.6218299,-122.3515177
Seattle,47.6557075,-122.2924876
Seattle,47.6687398,-122.3536795
Seattle,47.448774,-122.155963
Renton,47.6725,-122.26555
Seattle,47.736456,-122.152858
Woodinville,47.635018,-122.320666
Seattle,47.43843,-122.29327
SeaTac,47.2700058,-121.9401146
Enumclaw,47.2093135,-121.9936265
Enumclaw,47.6554164,-122.3525959
Seattle,47.7363088,-122.1419215
Woodinville,47.6173913,-122.2063508
Bellevue,47.74478,-122.31349
Shoreline,47.629409,-122.318248
Seattle,47.626057,-122.321225
Seattle,47.62065,-122.3505521
Seattle,47.636757,-122.314613
Seattle,47.7490986,-122.3415613
Shoreline,47.6493227,-122.1892011
Kirkland,47.63393,-122.311219
Seattle,47.680501,-122.287728
Seattle,47.564597,-122.269106
Seattle,47.626261,-122.321364
Seattle,47.537186,-122.393854
Seattle,47.54644,-122.26299
Seattle,47.65668,-122.4177
Seattle,47.6642819,-122.3320502
Seattle,47.3147602,-122.1635981
Auburn,47.6605422,-122.4302459
Seattle,47.5665857,-122.2159474
Mercer Island,47.562319,-122.26845
Seattle,47.31475,-122.16377
Auburn,47.67218,-122.30646
Seattle,47.6814254,-122.3829961
Seattle,47.630369,-122.318236
Seattle,47.5639536,-122.2184533
Mercer Island,47.4220481,-122.430954
Vashon,47.5103021,-122.04772
Issaquah,47.5295516,-122.3880386
Seattle,47.631013,-122.314908
Seattle,47.684226,-122.30184
Seattle,47.5674199,-122.3622626
Seattle,47.5229681,-122.3430848
Seattle,47.5568948,-122.0698181
Issaquah,47.55561,-122.304575
Seattle,47.5416645,-121.9925416
Issaquah,47.6482603,-122.3343408
Seattle,47.6172213,-122.101163
Bellevue,47.680411,-122.291053
Seattle,47.6108673,-122.0516735
Sammamish,47.6913924,-122.1954346
Kirkland,47.7536363,-122.171402
Woodinville,47.508931,-122.268234
Seattle,47.628951,-122.319258
Seattle,47.6645078,-122.2857026
Seattle,47.656864,-122.28773
Seattle,47.655518,-122.411154
Seattle,47.7273123,-122.3637459
Seattle,47.7060651,-122.1871948
Kirkland,47.4992896,-122.3517159
Seattle,47.66387,-122.42153
Seattle,47.4800015,-122.3027337
SeaTac,47.657623,-122.287689
Seattle,47.7707041,-122.183095
Bothell,47.604979,-122.1404171
Bellevue,47.680213,-122.19026
Kirkland,47.611241,-122.318571
Seattle,47.6125608,-122.3118559
Seattle,47.659095,-122.351152
Seattle,47.654914,-122.410058
Seattle,47.68298,-122.08443
Redmond,47.588237,-122.394004
Seattle,47.629413,-122.322721
Seattle,47.6058737,-121.9435
Fall City,47.4397282,-122.1632695
Renton,47.622138,-122.352214
Seattle,47.4531657,-122.2567177
Tukwila,47.65558,-122.2931338
Seattle,47.66906,-122.33984
Seattle,47.7529185,-122.2759116
Lake Forest Park,47.4712668,-122.2976321
SeaTac,47.65833,-122.2891
Seattle,47.650359,-122.345853
Seattle,47.642947,-122.413277
Seattle,47.66886,-122.33463
Seattle,47.668716,-122.27621
Seattle,47.6532472,-122.3364973
Seattle,47.6407679,-122.2272134
Hunts Point,47.7334815,-122.3149163
Seattle,47.677135,-122.269553
Seattle,47.5239245,-122.0478487
Issaquah,47.564773,-122.38012
Seattle,47.6204403,-122.3635125
Seattle,47.5985238,-122.1326923
Bellevue,47.5270542,-122.2041464
Renton,47.715591,-122.3482776
Seattle,47.3784153,-122.0386648
Maple Valley,47.764217,-122.3190777
Shoreline,47.700258,-122.308554
Seattle,47.684768,-122.298273
Seattle,47.705995,-122.319715
Seattle,47.6643469,-122.4100971
Seattle,47.7579852,-122.2818661
Lake Forest Park,47.581797,-122.216431
Mercer Island,47.6826461,-122.1321183
Redmond,47.690061,-122.313494
Seattle,47.658619,-122.278712
Seattle,47.562028,-122.37392
Seattle,47.654346,-122.316612
Seattle,47.685721,-122.279906
Seattle,47.5927952,-122.3821646
Seattle,47.65534,-122.352586
Seattle,47.6917125,-122.3075885
Seattle,47.5885,-122.08607
Sammamish,47.402519,-122.330786
Des Moines,47.386336,-122.0271139
Maple Valley,47.352175,-122.30533
Federal Way,47.55222,-122.29628
Seattle,47.51901,-122.27674
Seattle,47.564118,-122.153711
Bellevue,47.6481591,-121.9061852
Carnation,47.6567007,-122.354452
Seattle,47.567479,-122.409628
Seattle,47.5911149,-122.2306252
Mercer Island,47.3263741,-122.3018646
Federal Way,47.6878658,-122.3525852
Seattle,47.61644,-122.3545268
Seattle,47.4759403,-122.2684379
Tukwila,47.2915141,-122.2813082
Auburn,47.6750771,-122.3513675
Seattle,47.4110712,-122.2988766
Des Moines,47.6538254,-122.3231506
Seattle,47.625929,-122.321272
Seattle,47.6758609,-122.3509705
Seattle,47.654404,-122.318867
Seattle,47.371791,-122.170938
Kent,47.5876417,-122.3880386
Seattle,47.6518018,-122.3602724
Seattle,47.585997,-122.37567
Seattle,47.6475,-122.36754
Seattle,47.6848463,-122.3018566
Seattle,47.505455,-122.46996
Vashon,47.696908,-122.308155
Seattle,47.5481027,-122.3965573
Seattle,47.664141,-122.284954
Seattle,47.7056969,-122.3366797
Seattle,47.6540117,-122.3173499
Seattle,47.3728649,-122.4239116
Vashon,47.49713,-122.475469
Vashon,47.492557,-122.478353
Vashon,47.53012,-122.03223
Issaquah,47.6583207,-122.3452801
Seattle,47.466874,-122.492209
Vashon,47.6665795,-122.3702449
Seattle,47.42088,-122.1232
Renton,47.6920857,-122.3089671
Seattle,47.66669,-122.33629
Seattle,47.6882455,-122.2905657
Seattle,47.4794504,-122.2060668
Renton,47.6243459,-122.0613617
Sammamish,47.6699825,-122.3618603
Seattle,47.3879104,-122.3262124
Des Moines,47.5969032,-122.3210907
Seattle,47.7024801,-122.3091817
Seattle,47.74232,-121.98523
Duvall,47.38851,-122.37361
Vashon,47.6812,-122.38868
Seattle,47.625432,-122.324158
Seattle,47.4734576,-122.1192706
Renton,47.372075,-122.170888
Kent,47.6910508,-122.1761367
Kirkland,47.6295767,-122.3682922
Seattle,47.5973211,-122.1896538
Bellevue,47.6717322,-122.3518556
Seattle,47.6537804,-122.3173946
Seattle,47.664036,-122.284952
Seattle,47.5954095,-122.3862997
Seattle,47.688675,-122.3068213
Seattle,47.663619,-122.351433
Seattle,47.52505,-121.78623
Snoqualmie,47.6532472,-122.3150396
Seattle,47.6566005,-122.3025513
Seattle,47.682762,-122.0843345
Redmond,47.7729956,-122.1919343
Bothell,47.6781238,-122.2111416
Kirkland,47.6535875,-122.0920258
Sammamish,47.6097002,-122.3199105
Seattle,47.4378414,-122.2872734
SeaTac,47.6961047,-122.3067999
Seattle,47.482777,-122.005874
Issaquah,47.6985488,-122.3387074
Seattle,47.48613,-122.33644
Burien,47.704588,-122.276506
Seattle,47.3759474,-122.0380425
Maple Valley,47.6736381,-122.3321199
Seattle,47.6769665,-122.253499
Seattle,47.35232,-121.98423
Ravensdale,47.67185,-122.33921
Seattle,47.4971402,-122.3759151
Seattle,47.5160413,-122.3020363
Tukwila,47.6495179,-122.3064995
Seattle,47.6949743,-122.2105408
Kirkland,47.6878247,-122.173301
Kirkland,47.60884,-122.29432
Seattle,47.63787,-122.29462
Seattle,47.7745649,-122.381494
Shoreline,47.7708396,-122.1574266
Woodinville,47.736468,-121.977033
Duvall,47.6872361,-122.1892916
Kirkland,47.5957456,-122.0824814
Sammamish,47.6592356,-122.1270395
Redmond,47.64542,-122.29853
Seattle,47.561584,-122.393235
Seattle,47.5195189,-122.3519777
Seattle,47.6898509,-122.1337965
Redmond,47.391866,-122.434038
Vashon,47.64784,-122.34895
Seattle,47.67914,-122.25754
Seattle,47.4674919,-121.7167246
North Bend,47.6587106,-122.3104262
Seattle,47.6371801,-122.308566
Seattle,47.67872,-122.3544359
Seattle,47.648076,-122.1325877
Redmond,47.678334,-122.338285
Seattle,47.7053249,-122.2755361
Seattle,47.5363228,-122.3898679
Seattle,47.667237,-122.0784044
Redmond,47.5579326,-122.0659268
Issaquah,47.7589738,-122.2418261
Kenmore,47.5709141,-122.1064674
Bellevue,47.3861485,-122.1035263
Kent,47.4495527,-122.2702333
SeaTac,47.61965,-122.290888
Seattle,47.4132203,-122.2805786
SeaTac,47.7743938,-121.9103651
Duvall,47.667939,-122.35572
Seattle,47.6457016,-122.2999334
Seattle,47.39289,-122.4347
Vashon,47.6306793,-122.3895299
Seattle,47.675053,-122.408929
Seattle,47.6367957,-122.3884222
Seattle,47.5063597,-121.7896271
North Bend,47.6430839,-122.0445403
Redmond,47.65994,-122.10974
Redmond,47.6633576,-122.4209579
Seattle,47.3581142,-122.5003052
Vashon,47.6082326,-122.19299
Bellevue,47.625522,-122.3212
Seattle,47.4661864,-121.6803646
North Bend,47.67198,-122.30741
Seattle,47.3983456,-121.9732618
Maple Valley,47.7353981,-122.3265839
Shoreline,47.749641,-122.297364
Lake Forest Park,47.5580138,-122.3984966
Seattle,47.6076966,-122.1721423
Bellevue,47.644062,-122.044881
Redmond,47.7607769,-122.1877956
Bothell,47.5076932,-121.739903
North Bend,47.6449441,-122.2060776
Kirkland,47.6544739,-122.2951296
Seattle,47.4598614,-122.2719473
Tukwila,47.2862406,-122.2929275
Federal Way,47.654895,-122.2924232
Seattle,47.6633353,-122.4337864
Seattle,47.6187403,-122.3638773
Seattle,47.6449113,-122.3655969
Seattle,47.6941367,-122.0490503
Redmond,47.3415927,-122.288117
Auburn,47.3714188,-122.2585475
Kent,47.660226,-122.308353
Seattle,47.6823644,-122.0853245
Redmond,47.6768423,-122.2545934
Seattle,47.7693011,-122.1726894
Bothell,47.4540072,-122.2588742
Tukwila,47.6747185,-122.2530055
Seattle,47.56034,-122.31026
Seattle,47.7585772,-122.0793432
Woodinville,47.586653,-122.376043
Seattle,47.6905041,-122.3154044
Seattle,47.623193,-122.321976
Seattle,47.6804719,-122.250967
Seattle,47.663644,-122.414863
Seattle,47.3596322,-122.2046077
Kent,47.552015,-122.297749
Seattle,47.7495535,-121.987837
Duvall,47.3981399,-122.3014918
Des Moines,47.6567937,-122.2926056
Seattle,47.448885,-122.354502
Normandy Park,47.4899381,-122.2699732
Tukwila,47.5762905,-122.0069265
Issaquah,47.6799484,-122.2486398
Seattle,47.7328257,-122.3628473
Seattle,47.681628,-122.251575
Seattle,47.67768,-122.25101
Seattle,47.756861,-121.972265
Duvall,47.63958,-122.32935
Seattle,47.1704607,-122.0038605
Buckley,47.6693196,-122.1254182
Redmond,47.2574684,-122.3136449
Milton,47.5787,-122.00831
Sammamish,47.770961,-122.182378
Bothell,47.664827,-122.355328
Seattle,47.66834,-122.34455
Seattle,47.556769,-122.391477
Seattle,47.66472,-122.409995
Seattle,47.606999,-122.174842
Bellevue,47.736228,-122.1936589
Bothell,47.282537,-122.163529
Auburn,47.43154,-122.28589
SeaTac,47.280744,-122.15191
Auburn,47.6277437,-122.3726749
Seattle,47.5968046,-121.9353683
Fall City,47.7072239,-122.0673645
Redmond,47.5623394,-122.265875
Seattle,47.766727,-122.263321
Kenmore,47.5425044,-122.2590805
Seattle,47.479543,-122.303892
SeaTac,47.6586492,-122.4048507
Seattle,47.4805398,-122.303773
SeaTac,47.702265,-122.28907
Seattle,47.6766867,-122.2807932
Seattle,47.3476995,-122.0675352
Kent,47.6803905,-122.1348381
Redmond,47.623287,-122.35125
Seattle,47.702195,-122.210174
Kirkland,47.5870338,-122.393328
Seattle,47.2737373,-122.027222
Auburn,47.6619873,-122.4358101
Seattle,47.6705894,-122.4254608
Seattle,47.50362,-122.29534
Tukwila,47.5703443,-122.2864848
Seattle,47.520128,-122.037726
Issaquah,47.55495,-122.24693
Seattle,47.5777094,-122.0119277
Issaquah,47.6886156,-122.1577495
Kirkland,47.614076,-122.309407
Seattle,47.6559067,-122.2928202
Seattle,47.5932729,-122.2977997
Seattle,47.6104813,-122.3413575
Seattle,47.3728814,-122.0489645
Maple Valley,47.6672756,-122.0230865
Redmond,47.61776,-122.05887
Sammamish,47.658913,-122.2483063
Seattle,47.7121872,-122.3037314
Seattle,47.4729507,-122.2422338
Renton,47.4729491,-122.2415257
Renton,47.4988721,-121.7869778
North Bend,47.534167,-122.15673
Newcastle,47.4982119,-122.4779035
Vashon,47.6570919,-122.2874397
Seattle,47.3870585,-122.0279145
Maple Valley,47.6611015,-122.3568499
Seattle,47.464863,-122.22795
Renton,47.7416899,-122.2947836
Shoreline,47.40998,-122.09622
Renton,47.5306293,-122.1844509
Newcastle,47.6838749,-122.2955735
Seattle,47.383744,-122.0254281
Maple Valley,47.702167,-122.210106
Kirkland,47.6466557,-122.2068179
Kirkland,47.6262653,-121.9228685
Carnation,47.62901,-122.314603
Seattle,47.3713712,-122.1203756
Covington,47.4584215,-122.1475786
Renton,47.5458034,-122.0459966
Issaquah,47.6741745,-122.3548141
Seattle,47.3827765,-122.0907211
Covington,47.5000975,-121.7567539
North Bend,47.473011,-122.2400665
Renton,47.54437,-122.18064
Bellevue,47.6320819,-122.0910645
Redmond,47.3990626,-122.0202592
Maple Valley,47.629461,-122.3598701
Seattle,47.6571226,-122.2899221
Seattle,47.632877,-122.371039
Seattle,47.48081,-122.482019
Vashon,47.671572,-122.358358
Seattle,47.75249,-122.247473
Kenmore,47.7559445,-122.3502731
Shoreline,47.4974514,-122.4612351
Vashon,47.370754,-122.432403
Vashon,47.5420054,-122.3929811
Seattle,47.600034,-122.172354
Bellevue,47.3357399,-122.0177865
Black Diamond,47.6734534,-122.3064968
Seattle,47.6976272,-122.2130728
Kirkland,47.4949835,-122.1226978
Renton,47.7121475,-122.1700837
Kirkland,47.7673214,-122.3627615
Shoreline,47.6892509,-122.3038387
Seattle,47.44944,-122.492035
Vashon,47.3112566,-122.2436895
Auburn,47.5258371,-122.2623396
Seattle,47.5422946,-122.2602367
Seattle,47.5489282,-122.2566104
Seattle,47.5730877,-122.2903875
Seattle,47.5422946,-122.260859
Seattle,47.5653857,-122.283285
Seattle,47.5640355,-122.133387
Bellevue,47.6474363,-122.3369747
Seattle,47.6964186,-122.1684194
Kirkland,47.6703354,-122.2938381
Seattle,47.4953479,-122.3569036
Burien,47.7281097,-122.2946227
Seattle,47.6805441,-122.3746276
Seattle,47.5500579,-122.2510958
Seattle,47.5425785,-122.2618246
Seattle,47.5655377,-122.2832528
Seattle,47.5406495,-122.2646034
Seattle,47.4629007,-122.1870553
Renton,47.6334229,-122.3610234
Seattle,47.7583301,-122.2229889
Bothell,47.7741755,-122.3926762
Shoreline,47.6593138,-122.1318769
Redmond,47.5425,-122.26041
Seattle,47.5129672,-122.2662127
Seattle,47.6232886,-122.3115206
Seattle,47.5638437,-122.1804678
Bellevue,47.6433442,-122.1046257
Redmond,47.6589708,-122.1304822
Redmond,47.7464186,-122.103007
Woodinville,47.65862,-122.13024
Redmond,47.54468,-122.18671
Bellevue,47.659161,-122.132545
Redmond,47.6586784,-122.1300209
Redmond,47.6590228,-122.1311688
Redmond,47.370317,-122.125488
Covington,47.6590688,-122.1320714
Redmond,47.6588465,-122.1317187
Redmond,47.7704371,-122.1823231
Bothell,47.5728597,-122.2903445
Seattle,47.7362285,-122.138046
Woodinville,47.7272726,-122.336728
Seattle,47.5728705,-122.2903579
Seattle,47.418883,-122.2678757
Kent,47.460036,-121.716966
North Bend,47.5252266,-122.2637665
Seattle,47.7582526,-122.2876167
Lake Forest Park,47.5420592,-122.2646677
Seattle,47.6622308,-122.2064037
Kirkland,47.5236918,-122.2628036
Seattle,47.6450464,-121.9234961
Carnation,47.4633214,-122.1871036
Renton,47.387868,-122.128369
Kent,47.5819682,-122.0815802
Sammamish,47.7674875,-122.1828952
Bothell,47.3579839,-122.2930951
Kent,47.5237216,-122.2627687
Seattle,47.4495817,-122.2702038
SeaTac,47.6517814,-122.3085997
Seattle,47.5764099,-122.2127509
Mercer Island,47.6503418,-121.9120324
Carnation,47.5566037,-122.3945618
Seattle,47.31616,-122.22635
Auburn,47.360801,-122.323343
Des Moines,47.42733,-122.28834
SeaTac,47.39593,-122.325991
Des Moines,47.5519421,-122.3531985
Seattle,47.6143,-122.2177
Bellevue,47.2878099,-122.2913343
Federal Way,47.3736608,-122.285634
Kent,47.5240114,-122.2639489
Seattle,47.6304,-122.21199
Clyde Hill,47.702989,-122.322021
Seattle,47.401773,-122.3159409
Des Moines,47.5854895,-122.1286925
Bellevue,47.4208607,-122.305715
SeaTac,47.49768,-122.21478
Renton,47.3907009,-122.0416689
Maple Valley,47.5435417,-122.3524333
Seattle,47.5288219,-122.3641992
Seattle,47.62576,-122.37217
Seattle,47.477246,-121.7760229
North Bend,47.573066,-122.2907563
Seattle,47.5236926,-121.9325995
Preston,47.662737,-122.288538
Seattle,47.6617745,-122.2915113
Seattle,47.3640486,-122.4600685
Vashon,47.7374762,-122.0850563
Woodinville,47.6745051,-122.3789299
Seattle,47.6222763,-122.3047534
Seattle,47.5866141,-122.3763871
Seattle,47.6845989,-122.2688305
Seattle,47.3749884,-122.1989
Kent,47.6698597,-122.3496938
Seattle,47.5483494,-122.0524178
Issaquah,47.613705,-122.350235
Seattle,47.7123604,-122.3794019
Seattle,47.684699,-122.305525
Seattle,47.7097327,-122.3777175
Seattle,47.6414446,-122.2928095
Seattle,47.6557903,-122.2926486
Seattle,47.6774508,-122.2539175
Seattle,47.658152,-122.406103
Seattle,47.5868095,-122.2283345
Mercer Island,47.667546,-122.284006
Seattle,47.6791861,-122.3879796
Seattle,47.6705971,-121.9235864
Carnation,47.6044975,-122.139606
Bellevue,47.68142,-122.38849
Seattle,47.69193,-122.40328
Seattle,47.5309299,-122.3829371
Seattle,47.5550843,-122.3740911
Seattle,47.6674614,-122.3203583
Seattle,47.5046783,-122.2031808
Renton,47.6514476,-122.3570377
Seattle,47.5299809,-122.0391852
Issaquah,47.551727,-122.2965243
Seattle,47.6693142,-122.3314065
Seattle,47.567332,-122.3755395
Seattle,47.5880758,-122.0353818
Sammamish,47.647654,-122.300251
Seattle,47.33241,-122.066692
Kent,47.6305455,-122.348704
Seattle,47.3087505,-122.4005324
Federal Way,47.6646648,-122.2860932
Seattle,47.5898526,-122.3123136
Seattle,47.6627861,-122.3613453
Seattle,47.7399908,-121.9786853
Duvall,47.7436307,-122.1039042
Woodinville,47.6416069,-122.0644462
Sammamish,47.41113,-122.4361
Vashon,47.6242404,-122.1838206
Bellevue,47.7086498,-122.193042
Kirkland,47.68524,-122.27677
Seattle,47.5894362,-122.3890257
Seattle,47.4971909,-121.7868322
North Bend,47.52568,-122.04692
Issaquah,47.5175369,-122.0562387
Issaquah,47.2894343,-122.1210362
Auburn,47.301298,-122.123545
Auburn,47.6795473,-122.0503378
Redmond,47.5689003,-121.8922378
Fall City,47.3490586,-122.1528625
Kent,47.4894487,-122.2699785
Tukwila,47.53983,-122.04406
Issaquah,47.4897133,-122.1845877
Renton,47.7399006,-122.2322559
Kenmore,47.489427,-122.1888685
Renton,47.740253,-122.2362068
Kenmore,47.5542731,-122.2746261
Seattle,47.5258004,-122.046985
Issaquah,47.5257183,-122.0479976
Issaquah,47.6537387,-122.1152258
Redmond,47.6583693,-122.1144962
Redmond,47.6516283,-122.3592424
Seattle,47.3744362,-122.3190308
Des Moines,47.7131651,-122.3502731
Seattle,47.7220983,-122.3713902
Seattle,47.6549,-122.2933
Seattle,47.679109,-122.271213
Seattle,47.6906165,-122.3984585
Seattle,47.7144972,-122.3512602
Seattle,47.7021297,-122.3071003
Seattle,47.3895465,-122.239337
Kent,47.6748875,-122.3335791
Seattle,47.7524706,-122.3437393
Shoreline,47.40652,-122.03823
Maple Valley,47.490123,-122.2895157
Tukwila,47.6985714,-122.2862434
Seattle,47.5313428,-122.2036743
Renton,47.518707,-122.273519
Seattle,47.6933026,-121.8669122
Carnation,47.7006492,-122.3378779
Seattle,47.419307,-122.306757
SeaTac,47.6349006,-122.295084
Seattle,47.6803409,-122.2502804
Seattle,47.5542758,-122.287944
Seattle,47.6291071,-122.3914284
Seattle,47.5861944,-122.008152
Sammamish,47.53982,-122.27434
Seattle,47.5526358,-122.2719097
Seattle,47.6432801,-122.109455
Redmond,47.5713143,-122.0130014
Issaquah,47.5829186,-122.3720084
Seattle,47.6722944,-122.406157
Seattle,47.6820032,-122.3992395
Seattle,47.6576989,-122.1632266
Bellevue,47.7514002,-122.0998889
Woodinville,47.4656787,-122.3577189
Burien,47.6942053,-122.4045449
Seattle,47.611428,-122.3191997
Seattle,47.3308128,-122.2498325
Auburn,47.39951,-122.15783
Kent,47.610723,-122.140937
Bellevue,47.65379,-122.3083
Seattle,47.69759,-122.28619
Seattle,47.6682318,-122.359786
Seattle,47.776569,-122.37697
Shoreline,47.5251706,-122.0460463
Issaquah,47.525684,-122.046842
Issaquah,47.6763795,-122.2530055
Seattle,47.3520706,-122.2436875
Auburn,47.693039,-122.3687589
Seattle,47.6483615,-122.3506594
Seattle,47.6532597,-122.3175716
Seattle,47.698814,-122.367445
Seattle,47.5137805,-121.7994761
Snoqualmie,47.7364372,-122.3252106
Shoreline,47.5678976,-122.0273781
Issaquah,47.6967291,-122.2119462
Kirkland,47.6293634,-122.3384714
Seattle,47.6510501,-122.3135376
Seattle,47.394978,-121.9726261
Maple Valley,47.7635247,-122.1926129
Bothell,47.4226288,-122.4300098
Vashon,47.631283,-122.3778409
Seattle,47.4366414,-122.2880983
Seattle,47.5837789,-122.3693906
Seattle,47.404322,-122.039804
Maple Valley,47.6577567,-122.3713875
Seattle,47.5107278,-122.2987425
Tukwila,47.567996,-122.350583
Seattle,47.5873354,-122.1392423
Bellevue,47.557542,-122.099802
Bellevue,47.391435,-122.4329281
Vashon,47.5277464,-122.0467329
Issaquah,47.5803616,-122.3043966
Seattle,47.525634,-122.046729
Issaquah,47.6238101,-122.2244453
Clyde Hill,47.7089597,-122.3154366
Seattle,47.4984739,-122.1511459
Renton,47.693122,-122.3687562
Seattle,47.631545,-122.162065
Bellevue,47.451,-122.15054
Renton,47.501103,-122.262625
Seattle,47.7529104,-122.2746027
Lake Forest Park,47.2991067,-122.298958
Federal Way,47.50122,-122.262752
Seattle,47.461757,-122.23772
Renton,47.3923537,-122.4348164
Vashon,47.3548154,-121.8767452
Ravensdale,47.40486,-122.4497
Vashon,47.6963099,-122.212105
Kirkland,47.4468428,-122.474497
Vashon,47.65784,-122.29023
Seattle,47.66043,-122.11061
Redmond,47.68283,-121.92449
Carnation,47.766945,-122.20027
Bothell,47.6137253,-122.3077534
Seattle,47.35612,-122.49239
Vashon,47.68606,-122.01331
Redmond,47.575001,-122.392268
Seattle,47.5976222,-122.0593688
Sammamish,47.627118,-122.337141
Seattle,47.6601612,-122.4307716
Seattle,47.3150573,-122.4056232
Federal Way,47.5091923,-122.2683048
Seattle,47.6683077,-122.4183664
Seattle,47.69778,-122.21405
Kirkland,47.3207887,-122.4094319
Federal Way,47.7241115,-122.3499084
Seattle,47.5416862,-121.8378156
Fall City,47.5223306,-121.8013752
North Bend,47.4676396,-122.1598631
Renton,47.66022,-122.11056
Redmond,47.7389304,-122.3307672
Shoreline,47.7004478,-122.3823953
Seattle,47.3761799,-121.8685484
Ravensdale,47.5366017,-122.0251143
Issaquah,47.550489,-122.1243882
Bellevue,47.5606201,-122.3437822
Seattle,47.627751,-122.3726696
Seattle,47.68076,-122.30223
Seattle,47.760474,-122.2283989
Kenmore,47.4763178,-122.1801567
Renton,47.7234782,-122.2160494
Kirkland,47.35966,-122.20543
Kent,47.673562,-122.377626
Seattle,47.67517,-122.25386
Seattle,47.67697,-122.25343
Seattle,47.67773,-122.2555
Seattle,47.54987,-122.03241
Issaquah,47.5097441,-122.3434496
Seattle,47.6299023,-122.3660968
Seattle,47.673144,-122.353988
Seattle,47.6335332,-122.3699391
Seattle,47.657656,-122.291647
Seattle,47.684789,-122.301789
Seattle,47.600368,-122.3124343
Seattle,47.5098779,-121.8388724
North Bend,47.7195481,-122.2814369
Seattle,47.67897,-122.24443
Seattle,47.7154212,-122.1011496
Redmond,47.6691117,-122.3065424
Seattle,47.6946005,-122.1454967
Redmond,47.665945,-122.3493146
Seattle,47.687469,-122.35478
Seattle,47.673233,-122.361947
Seattle,47.3823883,-122.1409468
Covington,47.5468209,-122.3638666
Seattle,47.65982,-122.1109
Redmond,47.5129689,-122.350831
Seattle,47.5025981,-122.3625791
Seattle,47.65611,-122.296637
Seattle,47.7764756,-122.375569
Shoreline,47.5681872,-122.3579979
Seattle,47.6685954,-122.3244381
Seattle,47.579985,-122.376103
Seattle,47.6193,-121.9059
Carnation,47.5665089,-122.2229695
Mercer Island,47.6999316,-122.2270525
Kirkland,47.2916916,-122.3021092
Federal Way,47.6777381,-122.2565881
Seattle,47.6008494,-122.3251891
Seattle,47.3545191,-122.5041121
Vashon,47.4224494,-122.1644644
Renton,47.6808,-122.2481
Seattle,47.6860823,-122.2074743
Kirkland,47.3905453,-122.4899009
Vashon,47.7575824,-122.1404815
Woodinville,47.286595,-121.918123
Enumclaw,47.4709078,-121.7588568
North Bend,47.646887,-122.0993042
Redmond,47.5052871,-122.3491573
Seattle,47.6646282,-122.2667599
Seattle,47.4711871,-122.304756
Burien,47.6310589,-122.321662
Seattle,47.624198,-122.317911
Seattle,47.7513281,-121.8531418
Duvall,47.380079,-122.404593
Vashon,47.6630065,-122.1146411
Redmond,47.275793,-122.150848
Auburn,47.489655,-122.183635
Renton,47.7313106,-122.1496117
Woodinville,47.3951441,-122.2732106
Kent,47.1288646,-121.3965225
Enumclaw,47.6925387,-122.1444705
Redmond,47.2392372,-121.7223358
Enumclaw,47.6233889,-122.3131205
Seattle,47.689059,-122.359446
Seattle,47.3171812,-121.8994904
Ravensdale,47.668866,-122.366222
Seattle,47.655,-122.3032
Seattle,47.606477,-122.195796
Bellevue,47.4646783,-122.2443151
Tukwila,47.6777847,-122.2540569
Seattle,47.390055,-121.479834
North Bend,47.2212598,-122.0955349
Enumclaw,47.278851,-122.155411
Auburn,47.5488352,-122.2316479
Mercer Island,47.454379,-122.164067
Renton,47.282702,-122.159938
Auburn,47.7087349,-121.376406
Skykomish,47.7098335,-121.3773511
Skykomish,47.4520992,-122.120381
Renton,47.6166808,-122.3345146
Seattle,47.4057998,-122.094444
Renton,47.3703426,-122.4326169
Vashon,47.7470106,-122.0912683
Woodinville,47.651524,-122.314434
Seattle,47.68297,-121.92378
Carnation,47.2788483,-122.154264
Auburn,47.4319376,-122.4657369
Vashon,47.444173,-122.291409
Seattle,47.2811095,-122.1629155
Auburn,47.281793,-122.163435
Auburn,47.70947,-121.35923
Skykomish,47.497222,-122.363273
Burien,47.3076993,-122.3907825
Federal Way,47.770903,-122.191563
Bothell,47.5694612,-122.4003983
Seattle,47.385144,-122.385649
Vashon,47.3978263,-122.2848058
SeaTac,47.3357389,-122.3278011
Federal Way,47.6873481,-121.937449
Carnation,47.7073069,-122.1200752
Redmond,47.53781,-122.16468
Newcastle,47.6749241,-122.2543573
Seattle,47.707729,-122.297233
Seattle,47.412991,-122.253784
Kent,47.641006,-122.293844
Seattle,47.5828366,-122.3771596
Seattle,47.4407731,-122.4777424
Vashon,47.525208,-122.363016
Seattle,47.390571,-122.490047
Vashon,47.4378877,-122.0227357
Maple Valley,47.6201715,-122.3496819
Seattle,47.673317,-122.377703
Seattle,47.380045,-122.4040031
Vashon,47.6628,-122.12188
Redmond,47.640766,-122.393963
Seattle,47.65682,-122.286874
Seattle,47.677343,-122.253084
Seattle,47.633576,-122.098554
Redmond,47.47257,-122.36164
Burien,47.4231841,-122.2657406
Kent,47.686956,-122.340416
Seattle,47.3955681,-122.273759
Kent,47.67577,-122.250905
Seattle,47.437917,-122.287948
Seattle,47.44545,-122.464481
Vashon,47.5151931,-122.3040533
Tukwila,47.741031,-122.20049
Bothell,47.684567,-122.305721
Seattle,47.60044,-122.18745
Bellevue,47.5199463,-122.3688555
Seattle,47.4521451,-122.371521
Burien,47.647995,-122.305103
Seattle,47.5068887,-122.1294415
Renton,47.6554373,-122.1917036
Kirkland,47.77405,-122.175326
Bothell,47.523356,-122.391212
Seattle,47.7303613,-122.3394477
Seattle,47.6269628,-122.337184
Seattle,47.6546637,-122.2929382
Seattle,47.367592,-122.145856
Kent,47.5484358,-122.3950338
Seattle,47.3187976,-122.3744345
Federal Way,47.6273262,-122.3480134
Seattle,47.686331,-122.3778757
Seattle,47.66929,-122.05893
Redmond,47.4674856,-122.3645439
Burien,47.7364372,-122.161746
Woodinville,47.6541145,-122.1782684
Kirkland,47.584675,-122.29727
Seattle,47.7447778,-122.2974443
Shoreline,47.7766323,-122.3770094
Shoreline,47.4907102,-122.3614633
Burien,47.5007525,-122.3822933
Seattle,47.664213,-122.406602
Seattle,47.6587359,-122.3208117
Seattle,47.696665,-122.398931
Seattle,47.653506,-122.348349
Seattle,47.589135,-122.19043
Bellevue,47.572656,-122.220858
Mercer Island,47.7537157,-122.1762782
Bothell,47.671613,-122.361854
Seattle,47.410028,-122.259405
Kent,47.7621022,-122.2840185
Lake Forest Park,47.7547751,-122.1684442
Woodinville,47.41554,-122.04045
Maple Valley,47.6184298,-122.3614311
Seattle,47.700646,-122.382396
Seattle,47.760831,-122.1891931
Bothell,47.67324,-122.27233
Seattle,47.54447,-122.18051
Bellevue,47.614508,-122.171406
Bellevue,47.6950321,-122.4032307
Seattle,47.5699846,-122.0449905
Issaquah,47.547229,-122.395597
Seattle,47.5878239,-122.1278617
Bellevue,47.664198,-122.406863
Seattle,47.6303178,-122.3706794
Seattle,47.63842,-122.34409
Seattle,47.3755587,-122.423071
Vashon,47.6877159,-122.1320057
Redmond,47.5090991,-122.3705506
Seattle,47.5748808,-122.3920941
Seattle,47.64218,-122.29292
Seattle,47.770111,-122.0010281
Duvall,47.2625694,-122.1246189
Auburn,47.67456,-122.25438
Seattle,47.663896,-122.34941
Seattle,47.268183,-122.261967
Pacific,47.664325,-122.40685
Seattle,47.3604844,-122.4611127
Vashon,47.66879,-122.33451
Seattle,47.582962,-122.3789728
Seattle,47.675188,-122.253857
Seattle,47.57366,-122.38119
Seattle,47.74369,-122.26209
Kenmore,47.666773,-122.365743
Seattle,47.3885357,-122.095592
Kent,47.39188,-122.44871
Vashon,47.5258979,-122.2625273
Seattle,47.623169,-122.313284
Seattle,47.597565,-122.333685
Seattle,47.6139458,-122.3505816
Seattle,47.639111,-122.176924
Bellevue,47.6751927,-122.3510617
Seattle,47.6139634,-122.3510349
Seattle,47.52353,-122.391118
Seattle,47.6217545,-122.3513031
Seattle,47.6867337,-122.2164288
Kirkland,47.65824,-122.288788
Seattle,47.4056982,-122.4431419
Vashon,47.622278,-122.350312
Seattle,47.7466535,-122.3437929
Shoreline,47.6930163,-122.3507093
Seattle,47.659097,-122.288205
Seattle,47.6678728,-122.3544788
Seattle,47.204673,-121.992065
Enumclaw,47.6623191,-122.3512119
Seattle,47.621807,-122.1913013
Bellevue,47.392071,-122.114663
Kent,47.4052371,-122.2729719
Kent,47.5635432,-122.2190782
Mercer Island,47.6211562,-122.0685768
Sammamish,47.6432584,-122.0817947
Sammamish,47.5719802,-122.0685768
Sammamish,47.41152,-122.25507
Kent,47.678878,-122.294051
Seattle,47.3149812,-122.3741117
Federal Way,47.651898,-122.0244598
Redmond,47.6210967,-122.3168904
Seattle,47.5645542,-122.0550401
Issaquah,47.6835299,-122.2688949
Seattle,47.3578256,-122.2354746
Kent,47.7497122,-122.1795398
Bothell,47.49801,-122.21464
Renton,47.555829,-122.068143
Issaquah,47.5670724,-122.2219348
Mercer Island,47.4074626,-122.437799
Vashon,47.411901,-121.9921188
Maple Valley,47.60079,-122.288709
Seattle,47.637972,-122.334879
Seattle,47.4262291,-122.2805786
SeaTac,47.677196,-122.294049
Seattle,47.552585,-122.299418
Seattle,47.693061,-122.2726
Seattle,47.6776422,-122.4070072
Seattle,47.6722294,-122.4061596
Seattle,47.6416911,-122.2196576
Yarrow Point,47.3912752,-122.4164057
Vashon,47.624819,-122.221914
Clyde Hill,47.627855,-122.299768
Seattle,47.5963823,-122.0823526
Sammamish,47.526733,-122.172547
Newcastle,47.700674,-122.293202
Seattle,47.647205,-122.3051476
Seattle,47.643285,-122.136243
Redmond,47.5818138,-122.2948694
Seattle,47.51523,-122.303702
Tukwila,47.6447619,-122.3624396
Seattle,47.5377205,-122.0690542
Issaquah,47.627689,-122.106046
Redmond,47.4193186,-122.2716951
Kent,47.703935,-122.322351
Seattle,47.5846884,-121.9012579
Fall City,47.3716301,-122.2463199
Kent,47.6300844,-122.1296091
Bellevue,47.5345258,-122.2728937
Seattle,47.70779,-122.19051
Kirkland,47.361929,-122.09813
Covington,47.563688,-122.141416
Bellevue,47.5345385,-122.2729249
Seattle,47.623174,-122.308925
Seattle,47.588755,-122.237311
Mercer Island,47.563833,-122.141602
Bellevue,47.585858,-122.297316
Seattle,47.5506266,-122.1250936
Bellevue,47.5726544,-122.4140185
Seattle,47.675476,-122.250343
Seattle,47.64792,-121.91423
Carnation,47.6103551,-122.3193955
Seattle,47.6717449,-122.4047388
Seattle,47.6965728,-122.3032924
Seattle,47.6565294,-122.1998549
Kirkland,47.715681,-122.3379779
Seattle,47.631286,-122.395435
Seattle,47.6858024,-122.2994104
Seattle,47.6070991,-122.1187495
Bellevue,47.563875,-122.141328
Bellevue,47.5571223,-122.111861
Bellevue,47.45717,-122.17582
Renton,47.6123786,-122.3237495
Seattle,47.5383178,-122.2725105
Seattle,47.6516283,-122.3499298
Seattle,47.527281,-122.396292
Seattle,47.408776,-122.069272
Maple Valley,47.6481221,-122.309458
Seattle,47.7616623,-122.2458233
Kenmore,47.5545184,-122.251482
Seattle,47.454063,-122.16393
Renton,47.6002686,-122.3250523
Seattle,47.656319,-122.286104
Seattle,47.4579,-122.17561
Renton,47.491824,-122.1278
Renton,47.7529439,-122.2485638
Kenmore,47.6179244,-122.0584452
Sammamish,47.7517897,-122.1732473
Woodinville,47.5157051,-122.2570959
Seattle,47.6794967,-122.2485423
Seattle,47.632939,-122.30096
Seattle,47.705594,-122.319746
Seattle,47.610002,-122.32923
Seattle,47.652258,-122.308174
Seattle,47.7241404,-122.2361398
Bothell,47.652339,-122.348126
Seattle,47.3828419,-122.1727216
Kent,47.5229536,-121.8045509
Snoqualmie,47.641273,-122.285284
Seattle,47.5012717,-121.7949378
North Bend,47.583404,-122.24667
Mercer Island,47.44523,-122.16273
Renton,47.6905644,-122.2679186
Seattle,47.6558744,-122.3806241
Seattle,47.6019496,-122.0258653
Sammamish,47.4834891,-121.7391694
North Bend,47.6043891,-122.0214289
Sammamish,47.6771996,-122.169739
Kirkland,47.6221325,-122.3515713
Seattle,47.2207923,-122.0161772
Enumclaw,47.6400669,-122.3079747
Seattle,47.1958366,-121.9616318
Enumclaw,47.611092,-122.300699
Seattle,47.732661,-122.341846
Seattle,47.776731,-122.375846
Shoreline,47.492508,-122.1084666
Renton,47.720983,-122.23035
Kirkland,47.6580531,-122.2912924
Seattle,47.620533,-122.348881
Seattle,47.210228,-122.01704
Enumclaw,47.5147243,-122.3091482
Seattle,47.679455,-122.36634
Seattle,47.679908,-122.313571
Seattle,47.648422,-121.912362
Carnation,47.5953404,-122.3872232
Seattle,47.502413,-122.362712
Seattle,47.6727327,-122.3369265
Seattle,47.7707747,-122.1921676
Bothell,47.5912814,-122.0239073
Sammamish,47.7165039,-122.2151059
Kirkland,47.6529437,-122.4163762
Seattle,47.656851,-122.2877455
Seattle,47.680395,-122.328916
Seattle,47.4447785,-122.4671531
Vashon,47.611277,-122.299882
Seattle,47.5489721,-122.255439
Seattle,47.543288,-122.219089
Mercer Island,47.39183,-122.43353
Vashon,47.6061503,-122.1948836
Bellevue,47.5617243,-122.1090177
Bellevue,47.5433008,-122.071023
Issaquah,47.293691,-122.345211
Federal Way,47.2101039,-122.0161557
Enumclaw,47.4356167,-122.327552
Burien,47.5764063,-122.4037296
Seattle,47.575721,-122.412589
Seattle,47.6818178,-122.3991215
Seattle,47.767716,-122.3753877
Shoreline,47.6493956,-122.3111469
Seattle,47.6723016,-122.3124808
Seattle,47.5488906,-122.231516
Mercer Island,47.4856239,-122.3023974
SeaTac,47.3306177,-122.2577047
Auburn,47.2957637,-122.085067
Auburn,47.6438873,-122.3590815
Seattle,47.656664,-122.310152
Seattle,47.668808,-122.3505015
Seattle,47.7687353,-122.2991748
Lake Forest Park,47.635086,-122.346641
Seattle,47.6367668,-122.2997189
Seattle,47.211651,-122.0184108
Enumclaw,47.38699,-122.44812
Vashon,47.622263,-122.0363313
Sammamish,47.6977201,-122.2135242
Kirkland,47.5831799,-122.0643503
Issaquah,47.643331,-122.35337
Seattle,47.2046424,-122.0495224
Enumclaw,47.5851856,-122.3686191
Seattle,47.721528,-122.3269
Seattle,47.5140474,-122.3110727
Seattle,47.7529583,-122.1660429
Woodinville,47.767135,-122.2945549
Lake Forest Park,47.6481446,-122.3498869
Seattle,47.3334563,-122.2377963
Auburn,47.2161869,-122.0268202
Enumclaw,47.6506743,-122.3576331
Seattle,47.5517455,-122.2889677
Seattle,47.2178046,-122.0376134
Enumclaw,47.5511826,-122.2511793
Seattle,47.6200569,-122.3384297
Seattle,47.539653,-122.231839
Mercer Island,47.513659,-122.303038
Tukwila,47.6642419,-122.3015983
Seattle,47.7466246,-122.3437929
Shoreline,47.7495968,-122.0040536
Duvall,47.2104844,-122.0173702
Enumclaw,47.6977695,-122.0264125
Redmond,47.4658333,-122.4336111
Vashon,47.372826,-122.324459
Des Moines,47.5008514,-121.7966652
North Bend,47.2209963,-122.0161986
Enumclaw,47.2114353,-122.0184195
Enumclaw,47.6759336,-122.3328009
Seattle,47.646313,-122.353697
Seattle,47.69,-122.3
Seattle,47.210304,-122.016761
Enumclaw,47.419808,-122.460162
Vashon,47.6918835,-122.2978038
Seattle,47.698265,-122.287074
Seattle,47.754047,-122.250268
Kenmore,47.654491,-122.314966
Seattle,47.61844,-122.353945
Seattle,47.5479144,-122.0309615
Issaquah,47.61906,-122.23048
Medina,47.5528964,-122.3925662
Seattle,47.6755598,-122.3351669
Seattle,47.6433124,-121.9895053
Redmond,47.658147,-122.288255
Seattle,47.488424,-122.3056596
SeaTac,47.2101234,-122.0374417
Enumclaw,47.4511343,-122.2521687
Tukwila,47.6285933,-122.1197668
Bellevue,47.6845168,-122.3289013
Seattle,47.6760799,-122.3293304
Seattle,47.6808692,-122.0844233
Redmond,47.2160053,-122.0268416
Enumclaw,47.199114,-121.964076
Enumclaw,47.2154873,-122.0317554
Enumclaw,47.663847,-122.310431
Seattle,47.357265,-121.9813
Ravensdale,47.737632,-121.958463
Duvall,47.454205,-122.163934
Renton,47.71408,-122.347995
Seattle,47.6988015,-122.3385358
Seattle,47.6941307,-121.9737613
Carnation,47.327404,-122.244045
Auburn,47.6383489,-122.2770683
Seattle,47.317875,-122.249886
Auburn,47.307648,-122.292245
Auburn,47.29328,-122.301788
Federal Way,47.685398,-122.256098
Seattle,47.6685087,-122.111578
Redmond,47.747067,-122.0878887
Woodinville,47.7605475,-122.1888917
Bothell,47.30012,-122.301027
Federal Way,47.633644,-122.296419
Seattle,47.691859,-122.35791
Seattle,47.2091905,-122.0383215
Enumclaw,47.7321077,-122.3271847
Seattle,47.281604,-122.333848
Federal Way,47.7574015,-122.1823776
Woodinville,47.5691138,-122.2175092
Mercer Island,47.6028644,-122.3652935
Seattle,47.77207,-122.0345664
Woodinville,47.4279754,-122.4508687
Vashon,47.4375395,-122.4724102
Vashon,47.365746,-122.272845
Kent,47.419195,-122.271365
Kent,47.6759142,-122.2769914
Seattle,47.640265,-121.907822
Carnation,47.7568714,-122.0705402
Woodinville,47.6071034,-122.1187556
Bellevue,47.5147718,-122.3091818
Seattle,47.4195883,-122.2677422
Kent,47.7124795,-122.3753183
Seattle,47.7061373,-122.3182797
Seattle,47.774262,-122.392416
Seattle,47.660244,-122.106043
Redmond,47.3885078,-122.3736084
Vashon,47.4629732,-122.0809364
Renton,47.665868,-122.412573
Seattle,47.7325454,-121.9905302
Duvall,47.5378692,-122.1348375
Newcastle,47.7527635,-122.1662575
Woodinville,47.6749688,-122.0219829
Redmond,47.7575182,-122.2635815
Kenmore,47.6912011,-122.1071939
Redmond,47.4478861,-122.2450557
Tukwila,47.6608785,-122.4189806
Seattle,47.6265,-122.3379028
Seattle,47.551643,-122.257587
Seattle,47.685838,-122.253733
Seattle,47.700106,-122.1623963
Redmond,47.401475,-122.274393
Kent,47.6798513,-122.3134585
Seattle,47.6728507,-122.3905277
Seattle,47.6756902,-122.2526376
Seattle,47.5149979,-121.8042397
Snoqualmie,47.514991,-122.303816
Tukwila,47.4687103,-122.1473479
Renton,47.5941104,-122.1714878
Bellevue,47.33266,-122.328238
Federal Way,47.527382,-122.393544
Seattle,47.6419696,-122.2924379
Seattle,47.3847027,-122.2604808
Kent,47.4174965,-122.4400949
Vashon,47.6873348,-122.0818377
Redmond,47.4057562,-122.4497938
Vashon,47.7205857,-122.2837114
Seattle,47.6937897,-122.3880052
Seattle,47.4864617,-121.7251468
North Bend,47.154755,-121.921006
Enumclaw,47.638811,-122.409681
Seattle,47.4454838,-122.4656725
Vashon,47.689098,-122.378656
Seattle,47.3718844,-122.4998167
Vashon,47.585698,-122.300217
Seattle,47.392587,-122.421011
Vashon,47.640688,-122.294102
Seattle,47.3565845,-122.2527343
Auburn,47.4359454,-122.0930707
Renton,47.64814,-122.371913
Seattle,47.4980329,-122.1727216
Renton,47.605295,-122.2874236
Seattle,47.616685,-122.026684
Sammamish,47.6343154,-122.3960734
Seattle,47.5591887,-122.180438
Bellevue,47.2918925,-122.3016822
Federal Way,47.449445,-122.352425
Normandy Park,47.486836,-121.715252
North Bend,47.707011,-122.31573
Seattle,47.6574936,-122.2918619
Seattle,47.3962081,-122.4816722
Vashon,47.7365119,-122.0725725
Woodinville,47.1549812,-121.9121718
Enumclaw,47.6154864,-122.3571825
Seattle,47.707059,-122.315689
Seattle,47.5376811,-122.0692841
Issaquah,47.6292576,-122.360149
Seattle,47.47795,-122.362434
Burien,47.6800699,-122.250562
Seattle,47.1556962,-121.917268
Enumclaw,47.7551078,-122.332356
Shoreline,47.496677,-121.781719
North Bend,47.6926443,-122.2850706
Seattle,47.6541366,-122.0916
Redmond,47.397811,-122.302199
Des Moines,47.4305459,-122.4665979
Vashon,47.494842,-122.46272
Vashon,47.53624,-122.19604
Renton,47.5055235,-122.4708223
Vashon,47.430748,-122.466367
Vashon,47.6867703,-122.1304393
Redmond,47.6882797,-122.2693026
Kent,47.6630065,-122.1146411
Redmond,47.662576,-122.12052
Snoqualmie,47.5240404,-121.8066645
Snoqualmie,47.6404972,-121.9264226
Carnation,47.682061,-121.939702
Carnation,47.3004204,-122.2497869
Auburn,47.4190282,-122.2763085
Kent,47.6640001,-121.9228363
Carnation,47.658745,-122.4182162
Snoqualmie,47.3284365,-122.2431564
Auburn,47.3664551,-122.2591209
Kent,47.3762272,-121.8687737
Ravensdale,47.7740331,-122.3849192
Shoreline,47.37562,-121.86822
Ravensdale,47.6980631,-121.9884109
Carnation,47.6815336,-122.2505453
Seattle,47.5226276,-121.8054843
Snoqualmie,47.6701559,-122.1102905
Carnation,47.663868,-122.4215317
Seattle,47.3293193,-122.2429959
Auburn,47.3265563,-122.2441211
Auburn,47.2448623,-122.0827389
Enumclaw,47.3877161,-122.3040962
Des Moines,47.6796051,-121.9601727
Carnation,47.4253436,-121.4216495
North Bend,47.6545148,-122.1077304
Redmond,47.6865969,-121.9762874
Carnation,47.3685927,-122.2428125
Kent,47.2659509,-122.0919013
Auburn,47.6282827,-122.2933075
Seattle,47.5597558,-122.0549817
Issaquah,47.7017213,-122.3312035
Seattle,47.3276285,-122.2420835
Auburn,47.6875358,-121.940217
Carnation,47.3483898,-122.2167635
Auburn,47.418883,-122.2678757
Kent,47.6643686,-122.1130666
Redmond,47.7197576,-121.3416133
Skykomish,47.6863886,-122.0750645
Redmond,47.6802118,-121.960001
Carnation,47.4139518,-122.2653213
Kent,47.599951,-122.134904
Bellevue,47.4546561,-122.294726
SeaTac,47.2737373,-122.027222
Auburn,47.7495535,-121.987837
Duvall,47.515858,-122.27456
Seattle,47.6777381,-122.2565881
Seattle,47.7582372,-121.9860935
Duvall,47.626261,-122.321364
Seattle,47.282537,-122.163529
Auburn,47.6705971,-121.9235864
Carnation,47.27374,-122.02722
Auburn,47.6784043,-121.9370502
Carnation,47.280744,-122.15191
Auburn,47.7616784,-121.9710624
Duvall,47.64017,-122.27961
Seattle,47.7402397,-121.9886577
Duvall,47.2832758,-122.1547508
Auburn,47.67789,-122.09371
Redmond,47.2091188,-121.5115786
North Bend,47.5891498,-122.1867639
Bellevue,47.739699,-121.989963
Duvall,47.716697,-121.986862
Duvall,47.53764,-122.06923
Issaquah,47.5091923,-122.2683048
Seattle,47.518668,-121.7987017
Redmond,47.4132203,-122.2805786
SeaTac,47.3073196,-122.2282333
Auburn,47.3884715,-122.3736191
Vashon,47.278851,-122.155411
Kent,47.2797732,-122.1525568
Auburn,47.712378,-121.380049
Skykomish,47.4394,-122.064783
Maple Valley,47.5541057,-122.1663702
Bellevue,47.2837998,-122.1314049
Auburn,47.6072625,-121.931076
Carnation,47.6427075,-122.2851502
Seattle,47.6583693,-122.1144962
Redmond,47.6941307,-121.9737613
Carnation,47.2792922,-122.1543303
Auburn,47.176058,-122.005316
Enumclaw,47.68539,-121.970424
Carnation,47.4035507,-122.1576154
Kent,47.435774,-121.656044
North Bend,47.6873481,-121.937449
CarnationKent,47.6630065,-122.1146411
Carnation,47.4253,-121.431284
North Bend,47.6121811,-121.986866
Sammamish,47.1411904,-121.460638
Enumclaw,47.7319345,-121.1297607
Leavenworth,47.7272726,-121.145618
Leavenworth,47.3908071,-121.5261045
North Bend,47.658543,-122.1317053
Redmond,47.42175,-122.25821
Kent,47.66258,-122.12052
Redmond,47.5089687,-121.8415546
North Bend,47.72803,-121.3379002
Skykomish,47.185046,-121.9770813
Enumclaw,47.5416862,-121.8378156
Fall City,47.6713697,-122.1259546
Federal Way,47.6423765,-122.310791
Seattle,47.6772249,-122.2559077
Seattle,47.651685,-122.3151811
Seattle,47.6096364,-122.3431339
Seattle,47.6583063,-122.1143456
Redmond,47.6635376,-122.2805786
SeaTac,47.3142829,-122.1746412
Auburn,47.42088,-122.1232
Renton,47.6981686,-122.2101878
Kirkland,47.665095,-122.2826162
Kirkland,47.7154368,-121.1444811
Leavenworth,47.6808114,-122.2510523
Seattle,47.5665137,-122.0850298
Issaquah,47.6205833,-122.0564307
Sammamish,47.6493227,-122.1892011
Kirkland,47.48203,-121.89423
Issaquah,47.6569618,-122.1146572
Redmond,47.5063597,-121.7896271
North Bend,47.392747,-121.474774
North Bend,47.7565344,-122.2212031
Bothell,47.6804719,-122.250967
Seattle,47.4497041,-121.4685562
North Bend,47.5346906,-121.8586779
Snoqualmie,47.6613144,-121.5774536
Baring,47.7496256,-122.3593926
Shoreline,47.5498262,-121.2464476
Snoqualmie Pass,47.651744,-122.1326065
Redmond,47.383744,-122.0254281
Maple Valley,47.4796099,-122.2079873
Renton,47.7087349,-121.376406
Skykomish,47.717019,-121.392657
Skykomish,47.6986938,-121.2032339
Skykomish,47.416111,-121.44069
North Bend,47.5007162,-122.2146012
Renton,47.7124586,-121.3475929
Skykomish,47.3436769,-122.2047982
Kent,47.7092,-121.37668
Skykomish,47.710885,-121.340719
Skykomish,47.7074913,-121.3640678
Skykomish,47.711379,-121.341007
Skykomish,47.5602238,-121.7363691
Snoqualmie,47.1288646,-121.3965225
Enumclaw,47.5354572,-122.0441151
Issaquah,47.5359699,-122.0440239
Issaquah,47.6950188,-122.0972013
Redmond,47.7292207,-122.1133565
Woodinville,47.7617001,-122.2682297
Kenmore,47.6061503,-122.1948836
Bellevue,47.7635752,-122.3851633
Shoreline,47.737632,-121.958463
Duvall,47.47029,-121.74207
North Bend,47.1601251,-121.905992
Enumclaw,47.6262653,-121.9228685
Carnation,47.5645542,-122.0550401
Issaquah,47.6881,-122.256142
Seattle,47.4548197,-121.4393306
North Bend,47.5429207,-121.8375518
Snoqualmie,47.654164,-122.054583
Redmond,47.159631,-121.908856
Enumclaw,47.6837656,-121.954937
Carnation,47.5617243,-122.1090177
Bellevue,47.6941367,-122.0490503
Redmond,47.4154564,-121.4395666
North Bend,47.4108255,-121.4284945
North Bend,47.421899,-121.4492655
North Bend,47.6873348,-122.0818377
RedmondKent,47.6630065,-122.1146411
Redmond,47.5257183,-122.0479976
Issaquah,47.5258594,-122.0477843
Issaquah,47.5258004,-122.046985
Issaquah,47.5120298,-122.0283694
Issaquah,47.525634,-122.046729
Issaquah,47.5223551,-122.041872
Issaquah,47.5325598,-122.0286655
Issaquah,47.4066334,-122.2595633
,47.4066334,-122.2595633
Issaquah,47.5669131,-122.4108696
Seattle,47.5746294,-122.4185836
Des Moines,47.5758309,-122.3921585
Seattle,47.5726544,-122.4140185
Seattle,47.5952692,-122.3865366
Seattle,47.5892626,-122.3811722
Seattle,47.5721322,-122.4139863
Seattle,47.5841938,-122.4005256
Seattle,47.5626274,-122.4058914
Federal Way,47.5402193,-122.3970294
Seattle,47.5726317,-122.4141097
Shoreline,47.57092,-122.38624
Seattle,47.7739592,-122.3925439
Shoreline,47.3833333,-122.4666667
Vashon,47.6727857,-122.4041748
Seattle,47.450728,-122.3791122
Burien,47.5790733,-122.4120712
Seattle,47.5781632,-122.4145415
Seattle,47.5736305,-122.4156761
Seattle,47.5633948,-122.4039924
Seattle,47.4113617,-122.4783325
Vashon,47.332312,-122.507595
Vashon,47.5102442,-122.4645996
Vashon,47.5731673,-122.4160194
Seattle,47.5116355,-122.3822021
Seattle,47.6046584,-122.4168777
Seattle,47.5886933,-122.4398546
Seattle,47.5736079,-122.4165838
Seattle,47.5635903,-122.4062884
Seattle,47.5566037,-122.3986816
Des Moines,47.47042,-122.34724
Burien,47.3867337,-122.326667
Des Moines,47.3733609,-122.3240089
Des Moines,47.386887,-122.3266697
Des Moines,47.3733968,-122.3236098
Des Moines,47.661963,-122.435841
Seattle,47.429,-122.476
Vashon,47.563587,-122.406927
Seattle,47.3928852,-121.4748907
North Bend,47.47795,-122.362434
Burien,47.7126411,-122.377647
Seattle,47.5538089,-122.2501301
Seattle,47.5736161,-122.4163198
Seattle,47.5894941,-122.3966217
Seattle,47.5741014,-122.4172631
Seattle,47.5289497,-122.4001694
Seattle,47.594185,-122.3836336
Seattle,47.5053969,-122.3757294
Seattle,47.414832,-121.587263
North Bend,47.5736511,-122.4167905
Seattle,47.3484832,-122.3470758
Vashon,47.572509,-122.4139801
Seattle,47.5091,-122.47592
Vashon,47.4429,-122.35588
Normandy Park,47.5919288,-122.382185
Seattle,47.5754256,-122.4201393
Seattle,47.5743833,-122.4006128
Seattle,47.5304011,-122.3998189
Seattle,47.5090556,-122.4642563
Vashon,47.5277609,-122.3974148
Seattle,47.63221,-122.3984711
Seattle,47.7771749,-121.3027954
Skykomish,47.5674316,-122.4097699
Seattle,47.57268,-122.41399
Seattle,47.5725142,-122.4137825
Seattle,47.4035,-122.330595
Des Moines,47.5737464,-122.4151611
Seattle,47.402519,-122.330786
Des Moines,47.567479,-122.409628
Vashon,47.5737246,-122.4167973
Seattle,47.57282,-122.41484
Seattle,47.573864,-122.416838
Des Moines,47.5612519,-122.4046254
Seattle,47.5732433,-122.4165452
Seattle,47.7038414,-122.3866224
Seattle,47.5685374,-122.4098972
Seattle,47.5197512,-122.4285507
Seattle,47.5738876,-122.4173069
Seattle,47.5521434,-122.3989391
Seattle,47.3878922,-122.3269768
Des Moines,47.508557,-122.463993
Vashon,47.50886,-122.46414
Vashon,47.540053,-122.397282
Seattle,47.3990253,-122.328385
Des Moines,47.3879267,-122.3268279
Des Moines,47.6653579,-122.3974647
Seattle,47.5204468,-122.4481201
Vashon,47.4147238,-121.5874314
North Bend,47.73583,-121.33222
Skykomish,47.1552503,-121.6474512
Enumclaw,47.3885078,-122.3736084
Vashon,47.5761773,-122.4207723
Seattle,47.655213,-122.4141312
Seattle,47.50769,-122.46262
Vashon,47.4074626,-122.437799
Vashon,47.774429,-122.3928956
Shoreline,47.39633,-122.499467
Vashon,47.3484625,-122.3254466
Des Moines,47.4208607,-122.305715
SeaTac,47.387928,-122.326305
Des Moines,47.401773,-122.3159409
Des Moines,47.5733666,-122.4159873
Seattle,47.5710501,-122.4109527
Seattle,47.6370819,-122.29574
Seattle,47.5387203,-122.396674
Seattle,47.7384443,-121.325841
Skykomish,47.7101047,-121.3770497
Skykomish,47.7056146,-121.3097477
Skykomish,47.5833866,-122.3709583
Seattle,47.7288314,-121.4090377
Skykomish,47.5954095,-122.3862997
Seattle,47.5721935,-122.413466
Seattle,47.38719,-122.37567
Vashon,47.4904911,-122.3655956
Burien,47.631286,-122.395435
Seattle,47.38851,-122.37361
Vashon,47.5628206,-122.3477372
Seattle,47.39593,-122.325991
Des Moines,47.360801,-122.323343
Des Moines,47.527281,-122.396292
Seattle,47.594588,-122.3904419
Seattle,47.418284,-122.439905
Vashon,47.566363,-122.4087024
Seattle,47.6938189,-122.3385572
Seattle,47.4658333,-122.4336111
Des Moines,47.7097327,-122.3777175
Seattle,47.527382,-122.393544
Seattle,47.563237,-122.409756
Seattle,47.466617,-121.758867
North Bend,47.1605841,-121.9071507
Enumclaw,47.4786463,-121.7223258
North BendKent,47.6630065,-122.1146411
North Bend,47.573486,-122.398811
Seattle,47.492252,-122.192986
Renton,47.698208,-122.319313
Seattle,47.6301994,-122.3135986
Seattle,47.6692079,-122.3505336
Seattle,47.663615,-122.354835
Seattle,47.6195619,-122.3183003
Seattle,47.6196265,-122.3183392
Seattle,47.7279254,-122.2897764
Seattle,47.6842748,-122.4003617
Seattle,47.6808225,-122.399936
Seattle,47.6833145,-122.4004188
Seattle,47.6816388,-122.3990885
Seattle,47.6829534,-122.3997322
Seattle,47.6801055,-122.4004953
Seattle,47.6800207,-122.4007836
Seattle,47.68317,-122.4001184
Seattle,47.6815188,-122.3998965
Seattle,47.6828303,-122.3995033
Seattle,47.6816317,-122.3990621
Seattle,47.6824438,-122.4010097
Seattle,47.6809427,-122.40039
Seattle,47.6829967,-122.4000755
Seattle,47.6823693,-122.3953147
Seattle,47.6823788,-122.3996687
Seattle,47.6827743,-122.3994595
Seattle,47.6849021,-122.3925358
Seattle,47.6801652,-122.4004197
Seattle,47.6812449,-122.401125
Seattle,47.6798474,-122.4000755
Seattle,47.682211,-122.3998118
Seattle,47.682471,-122.400562
Seattle,47.683475,-122.400666
Seattle,47.6833073,-122.40051
Seattle,47.731591,-122.355518
Seattle,47.6837289,-122.4007806
Seattle,47.6817977,-122.3989919
Seattle,47.6801798,-122.4010172
Seattle,47.6818266,-122.4006763
Seattle,47.68315,-122.4004269
Seattle,47.6698058,-122.3913208
Seattle,47.6818643,-122.4007514
Seattle,47.683735,-122.400543
Seattle,47.6812399,-122.4010849
Seattle,47.6893579,-122.3923543
Seattle,47.6836209,-122.4005843
Seattle,47.6836468,-122.4001184
Seattle,47.6816968,-122.4028244
Seattle,47.683093,-122.3998059
Seattle,47.68389,-122.40056
Seattle,47.6852502,-122.4000648
Seattle,47.6865214,-122.4033907
Seattle,47.6838142,-122.4004713
